image_name	row_index	unit_id	molecule_id	unit_index	atom_count	first_token	last_token	prefix2	suffix2	prev_molecule_id	prev_last_token	prev_suffix2	next_molecule_id	next_first_token	next_prefix2	signature
page-003.jpg	1	p003-u001	img3-m1	1	16	a:1	e:1	a:1 b:1	g:1 e:1				img3-m9	e:1	e:1 h:1	a:1 b:1 c:1 a:1 b:1 d:1 f:1 i:1 d:1 e:1 h:1 e:1 f:1 e:1 g:1 e:1
page-003.jpg	1	p003-u002	img3-m9	2	10	e:1	j:1	e:1 h:1	f:1 j:1	img3-m1	e:1	g:1 e:1	img3-m5	e:1	e:1 f:1	e:1 h:1 a:1 b:1 c:1 a:1 e:1 f:1 f:1 j:1
page-003.jpg	1	p003-u003	img3-m5	3	5	e:1	d:1	e:1 f:1	i:1 d:1	img3-m9	j:1	f:1 j:1	img3-m6	e:1	e:1 h:1	e:1 f:1 f:1 i:1 d:1
page-003.jpg	1	p003-u004	img3-m6	4	13	e:1	d:1	e:1 h:1	i:1 d:1	img3-m5	d:1	i:1 d:1	img3-m4	c:1	c:1 f:1	e:1 h:1 a:1 e:1 b:1 c:1 a:1 e:1 f:1 k:1 f:1 i:1 d:1
page-003.jpg	1	p003-u005	img3-m4	5	7	c:1	e:1	c:1 f:1	g:1 e:1	img3-m6	d:1	i:1 d:1	img3-m3	n:1	n:1 e:1	c:1 f:1 j:1 n:1 e:1 g:1 e:1
page-003.jpg	1	p003-u006	img3-m3	6	10	n:1	h:1	n:1 e:1	e:1 h:1	img3-m4	e:1	g:1 e:1	img3-m2	e:1	e:1 a:1	n:1 e:1 g:1 e:1 f:1 i:1 d:1 c:1 e:1 h:1
page-003.jpg	1	p003-u007	img3-m2	7	15	e:1	d:1	e:1 a:1	i:1 d:1	img3-m3	h:1	e:1 h:1	img3-m7	e:1	e:1 h:1	e:1 a:1 e:1 b:1 c:1 a:1 g:1 e:1 e:1 i:1 d:1 e:1 e:1 i:1 d:1
page-003.jpg	1	p003-u008	img3-m7	8	10	e:1	d:1	e:1 h:1	i:1 d:1	img3-m2	d:1	i:1 d:1	img3-m8	n:1	n:1 e:1	e:1 h:1 a:1 b:1 c:1 a:1 c:1 f:1 i:1 d:1
page-003.jpg	1	p003-u009	img3-m8	9	12	n:1	h:1	n:1 e:1	e:1 h:1	img3-m7	d:1	i:1 d:1				n:1 e:1 g:1 e:1 c:1 f:1 j:1 e:1 c:2 h:2 e:1 h:1
page-003.jpg	2	p003-u010	img3-m15	10	9	e:1	h:1	e:1 i:1	e:1 h:1				img3-m13	e:1	e:1 a:1	e:1 i:1 d:1 c:1 f:1 i:1 d:1 e:1 h:1
page-003.jpg	2	p003-u011	img3-m13	11	12	e:1	d:1	e:1 a:1	i:1 d:1	img3-m15	h:1	e:1 h:1	img3-m18	e:1	e:1 h:1	e:1 a:1 b:1 c:1 a:1 g:1 e:1 e:1 f:1 f:1 i:1 d:1
page-003.jpg	2	p003-u012	img3-m18	12	6	e:1	d:1	e:1 h:1	i:1 d:1	img3-m13	d:1	i:1 d:1	img3-m12	a:1	a:1 b:1	e:1 h:1 c:1 f:1 i:1 d:1
page-003.jpg	2	p003-u013	img3-m12	13	9	a:1	d:1	a:1 b:1	i:1 d:1	img3-m18	d:1	i:1 d:1	img3-m17	e:1	e:1 g:1	a:1 b:1 c:1 a:1 e:1 k:1 f:1 i:1 d:1
page-003.jpg	2	p003-u014	img3-m17	14	13	e:1	d:1	e:1 g:1	i:1 d:1	img3-m12	d:1	i:1 d:1	img3-m14	n:1	n:1 e:1	e:1 g:1 e:1 a:1 m:1 c:1 a:1 e:1 f:1 k:1 f:1 i:1 d:1
page-003.jpg	2	p003-u015	img3-m14	15	9	n:1	d:1	n:1 e:1	i:1 d:1	img3-m17	d:1	i:1 d:1	img3-m16	e:1	e:1 f:1	n:1 e:1 g:1 e:1 e:1 f:1 f:1 i:1 d:1
page-003.jpg	2	p003-u016	img3-m16	16	6	e:1	d:1	e:1 f:1	i:1 d:1	img3-m14	d:1	i:1 d:1	img3-m10	e:1	e:1 a:1	e:1 f:1 l:1 f:1 i:1 d:1
page-003.jpg	2	p003-u017	img3-m10	17	12	e:1	d:1	e:1 a:1	i:1 d:1	img3-m16	d:1	i:1 d:1	img3-m11	e:1	e:1 a:1	e:1 a:1 m:1 c:1 a:1 g:1 e:1 e:1 f:1 f:1 i:1 d:1
page-003.jpg	2	p003-u018	img3-m11	18	21	e:1	d:1	e:1 a:1	i:1 d:1	img3-m10	d:1	i:1 d:1				e:1 a:1 e:1 b:1 c:1 a:1 g:1 e:1 e:1 f:1 f:1 i:1 d:1 e:1 c:2 h:2 e:1 f:1 f:1 i:1 d:1
page-003.jpg	3	p003-u019	img3-m23	19	5	e:1	h:1	e:1 i:1	e:1 h:1				img3-m28	e:1	e:1 f:1	e:1 i:1 d:1 e:1 h:1
page-003.jpg	3	p003-u020	img3-m28	20	6	e:1	d:1	e:1 f:1	i:1 d:1	img3-m23	h:1	e:1 h:1	img3-m27	n:1	n:1 e:1	e:1 f:1 k:1 f:1 i:1 d:1
page-003.jpg	3	p003-u021	img3-m27	21	11	n:1	h:1	n:1 e:1	e:1 h:1	img3-m28	d:1	i:1 d:1	img3-m25	c:1	c:1 f:1	n:1 e:1 g:1 e:1 e:1 a:1 b:1 c:1 a:1 e:1 h:1
page-003.jpg	3	p003-u022	img3-m25	22	4	c:1	d:1	c:1 f:1	i:1 d:1	img3-m27	h:1	e:1 h:1	img3-m26	e:1	e:1 h:1	c:1 f:1 i:1 d:1
page-003.jpg	3	p003-u023	img3-m26	23	12	e:1	d:1	e:1 h:1	i:1 d:1	img3-m25	d:1	i:1 d:1	img3-m24	n:1	n:1 e:1	e:1 h:1 a:1 b:1 c:1 a:1 e:1 f:1 k:1 f:1 i:1 d:1
page-003.jpg	3	p003-u024	img3-m24	24	8	n:1	h:2	n:1 e:1	c:1 h:2	img3-m26	d:1	i:1 d:1	img3-m19	e:1	e:1 a:1	n:1 e:1 g:1 e:1 c:1 e:1 c:1 h:2
page-003.jpg	3	p003-u025	img3-m19	25	16	e:1	h:1	e:1 a:1	e:1 h:1	img3-m24	h:2	c:1 h:2	img3-m20	e:1	e:1 a:1	e:1 a:1 e:1 b:1 c:1 a:1 g:1 e:1 c:1 e:1 f:1 f:1 i:1 d:1 e:1 h:1
page-003.jpg	3	p003-u026	img3-m20	26	12	e:1	d:1	e:1 a:1	i:1 d:1	img3-m19	h:1	e:1 h:1	img3-m22	e:1	e:1 c:2	e:1 a:1 e:1 b:1 c:1 a:1 g:1 e:1 c:1 e:1 i:1 d:1
page-003.jpg	3	p003-u027	img3-m22	27	14	e:1	d:1	e:1 c:2	i:1 d:1	img3-m20	d:1	i:1 d:1	img3-m21	e:1	e:1 i:1	e:1 c:2 h:2 e:1 f:1 f:1 i:1 d:1 e:1 f:1 k:1 f:1 i:1 d:1
page-003.jpg	3	p003-u028	img3-m21	28	5	e:1	h:1	e:1 i:1	e:1 h:1	img3-m22	d:1	i:1 d:1				e:1 i:1 d:1 e:1 h:1
page-003.jpg	4	p003-u029	img3-m33	29	8	e:1	d:1	e:1 c:1	i:1 d:1				img3-m36	c:1	c:1 a:1	e:1 c:1 h:2 c:1 k:1 f:1 i:1 d:1
page-003.jpg	4	p003-u030	img3-m36	30	10	c:1	h:1	c:1 a:1	e:1 h:1	img3-m33	d:1	i:1 d:1	img3-m35	c:1	c:1 a:1	c:1 a:1 e:1 b:1 c:1 a:1 e:1 e:1 e:1 h:1
page-003.jpg	4	p003-u031	img3-m35	31	24	c:1	h:1	c:1 a:1	e:1 h:1	img3-m36	h:1	e:1 h:1	img3-m29	e:1	e:1 a:1	c:1 a:1 e:1 b:1 c:1 a:1 e:1 c:1 f:1 i:1 d:1 e:1 i:1 d:1 c:1 f:1 j:1 c:1 a:1 m:1 c:1 a:1 e:1 h:1
page-003.jpg	4	p003-u032	img3-m29	32	13	e:1	d:1	e:1 a:1	i:1 d:1	img3-m35	h:1	e:1 h:1	img3-m30	e:1	e:1 c:1	e:1 a:1 e:1 b:1 c:1 a:1 g:1 e:1 f:1 c:1 f:1 i:1 d:1
page-003.jpg	4	p003-u033	img3-m30	33	9	e:1	d:1	e:1 c:1	i:1 d:1	img3-m29	d:1	i:1 d:1	img3-m34	c:1	c:1 a:1	e:1 c:1 h:2 e:1 f:1 k:1 f:1 i:1 d:1
page-003.jpg	4	p003-u034	img3-m34	34	11	c:1	d:1	c:1 a:1	i:1 d:1	img3-m30	d:1	i:1 d:1	img3-m31	c:1	c:1 f:1	c:1 a:1 b:1 c:1 a:1 e:1 f:1 k:1 f:1 i:1 d:1
page-003.jpg	4	p003-u035	img3-m31	35	4	c:1	d:1	c:1 f:1	i:1 d:1	img3-m34	d:1	i:1 d:1	img3-m32	c:1	c:1 a:1	c:1 f:1 i:1 d:1
page-003.jpg	4	p003-u036	img3-m32	36	10	c:1	d:1	c:1 a:1	i:1 d:1	img3-m31	d:1	i:1 d:1				c:1 a:1 b:1 c:1 a:1 e:1 f:1 f:1 i:1 d:1
page-003.jpg	5	p003-u037	img3-m41	37	11	e:1	h:1	e:1 i:1	e:1 h:1				img3-m42	e:1	e:1 g:1	e:1 i:1 d:1 e:1 f:1 l:1 f:1 i:1 d:1 e:1 h:1
page-003.jpg	5	p003-u038	img3-m42	38	9	e:1	d:1	e:1 g:1	i:1 d:1	img3-m41	h:1	e:1 h:1	img3-m38	e:1	e:1 a:1	e:1 g:1 e:1 e:1 e:1 f:1 f:1 i:1 d:1
page-003.jpg	5	p003-u039	img3-m38	39	13	e:1	d:1	e:1 a:1	i:1 d:1	img3-m42	d:1	i:1 d:1	img3-m39	e:1	e:1 a:1	e:1 a:1 m:1 c:1 a:1 g:1 e:1 e:1 f:1 k:1 f:1 i:1 d:1
page-003.jpg	5	p003-u040	img3-m39	40	14	e:1	d:1	e:1 a:1	i:1 d:1	img3-m38	d:1	i:1 d:1	img3-m37	e:1	e:1 a:1	e:1 a:1 m:1 c:1 a:1 b:1 d:1 g:1 e:1 e:1 f:1 f:1 i:1 d:1
page-003.jpg	5	p003-u041	img3-m37	41	15	e:1	d:1	e:1 a:1	i:1 d:1	img3-m39	d:1	i:1 d:1	img3-m40	e:1	e:1 h:1	e:1 a:1 b:1 c:1 a:1 b:1 d:1 g:1 e:1 e:1 f:1 k:1 f:1 i:1 d:1
page-003.jpg	5	p003-u042	img3-m40	42	19	e:1	h:1	e:1 h:1	e:1 h:1	img3-m37	d:1	i:1 d:1				e:1 h:1 e:1 c:1 h:2 e:1 f:1 f:1 i:1 d:1 e:1 f:1 f:1 n:1 e:1 g:1 e:1 e:1 h:1
page-003.jpg	6	p003-u043	img3-m46	43	9	c:1	d:1	c:1 e:1	i:1 d:1				img3-m48	n:1	n:1 c:1	c:1 e:1 c:1 h:2 e:1 f:1 f:1 i:1 d:1
page-003.jpg	6	p003-u044	img3-m48	44	12	n:1	j:1	n:1 c:1	f:1 j:1	img3-m46	d:1	i:1 d:1	img3-m44	e:1	e:1 a:1	n:1 c:1 g:1 e:1 h:1 n:1 e:1 g:1 e:1 c:1 f:1 j:1
page-003.jpg	6	p003-u045	img3-m44	45	12	e:1	h:1	e:1 a:1	e:1 h:1	img3-m48	j:1	f:1 j:1	img3-m45	c:1	c:1 e:1	e:1 a:1 m:1 c:1 a:1 b:1 d:1 g:1 e:1 c:1 e:1 h:1
page-003.jpg	6	p003-u046	img3-m45	46	11	c:1	d:1	c:1 e:1	i:1 d:1	img3-m44	h:1	e:1 h:1	img3-m47	e:1	e:1 i:1	c:1 e:1 h:1 e:1 c:1 h:2 e:1 f:1 f:1 i:1 d:1
page-003.jpg	6	p003-u047	img3-m47	47	7	e:1	e:1	e:1 i:1	g:1 e:1	img3-m45	d:1	i:1 d:1	img3-m43	e:1	e:1 a:1	e:1 i:1 d:1 n:1 e:1 g:1 e:1
page-003.jpg	6	p003-u048	img3-m43	48	17	e:1	d:1	e:1 a:1	i:1 d:1	img3-m47	e:1	g:1 e:1	img3-m49	n:1	n:1 e:1	e:1 a:1 e:1 b:1 c:1 a:1 b:1 d:1 g:1 e:1 c:1 e:1 f:1 k:1 f:1 i:1 d:1
page-003.jpg	6	p003-u049	img3-m49	49	15	n:1	h:1	n:1 e:1	e:1 h:1	img3-m43	d:1	i:1 d:1				n:1 e:1 g:1 e:1 c:1 e:1 c:1 h:2 e:1 f:1 f:1 i:1 d:1 e:1 h:1
page-003.jpg	7	p003-u050	img3-m58	50	8	n:1	h:1	n:1 e:1	e:1 h:1				img3-m56	n:1	n:1 e:1	n:1 e:1 g:1 e:1 e:1 e:1 e:1 h:1
page-003.jpg	7	p003-u051	img3-m56	51	10	n:1	h:1	n:1 e:1	e:1 h:1	img3-m58	h:1	e:1 h:1	img3-m55	c:1	c:1 a:1	n:1 e:1 g:1 e:1 c:1 e:1 c:1 h:2 e:1 h:1
page-003.jpg	7	p003-u052	img3-m55	52	11	c:1	h:1	c:1 a:1	e:1 h:1	img3-m56	h:1	e:1 h:1	img3-m53	c:1	c:1 a:1	c:1 a:1 b:1 c:1 a:1 e:1 g:1 e:1 c:1 e:1 h:1
page-003.jpg	7	p003-u053	img3-m53	53	11	c:1	j:1	c:1 a:1	f:1 j:1	img3-m55	h:1	e:1 h:1	img3-m54	e:1	e:1 g:1	c:1 a:1 m:1 c:1 a:1 e:1 g:1 e:1 c:1 f:1 j:1
page-003.jpg	7	p003-u054	img3-m54	54	14	e:1	h:1	e:1 g:1	e:1 h:1	img3-m53	j:1	f:1 j:1	img3-m52	c:1	c:1 e:1	e:1 g:1 e:1 c:1 e:1 a:1 e:1 b:1 c:1 a:1 g:1 e:1 e:1 h:1
page-003.jpg	7	p003-u055	img3-m52	55	9	c:1	h:1	c:1 e:1	e:1 h:1	img3-m54	h:1	e:1 h:1	img3-m51	e:1	e:1 c:1	c:1 e:1 i:1 d:1 e:1 g:1 e:1 e:1 h:1
page-003.jpg	7	p003-u056	img3-m51	56	9	e:1	d:1	e:1 c:1	i:1 d:1	img3-m52	h:1	e:1 h:1	img3-m57	e:1	e:1 g:1	e:1 c:1 h:2 e:1 f:1 l:1 f:1 i:1 d:1
page-003.jpg	7	p003-u057	img3-m57	57	7	e:1	d:1	e:1 g:1	i:1 d:1	img3-m51	d:1	i:1 d:1	img3-m50	a:1	a:1 b:1	e:1 g:1 e:1 c:1 f:1 i:1 d:1
page-003.jpg	7	p003-u058	img3-m50	58	8	a:1	d:1	a:1 b:1	i:1 d:1	img3-m57	d:1	i:1 d:1				a:1 b:1 c:1 a:1 c:1 e:1 i:1 d:1
page-003.jpg	8	p003-u059	img3-m63	59	9	e:1	d:1	e:1 c:1	i:1 d:1				img3-m65	n:1	n:1 e:1	e:1 c:1 h:2 e:1 f:1 k:1 f:1 i:1 d:1
page-003.jpg	8	p003-u060	img3-m65	60	8	n:1	d:1	n:1 e:1	i:1 d:1	img3-m63	d:1	i:1 d:1	img3-m59	e:1	e:1 a:1	n:1 e:1 g:1 e:1 c:1 e:1 i:1 d:1
page-003.jpg	8	p003-u061	img3-m59	61	12	e:1	j:1	e:1 a:1	f:1 j:1	img3-m65	d:1	i:1 d:1	img3-m62	n:1	n:1 e:1	e:1 a:1 b:1 c:1 a:1 b:1 d:1 g:1 e:1 c:1 f:1 j:1
page-003.jpg	8	p003-u062	img3-m62	62	10	n:1	h:1	n:1 e:1	e:1 h:1	img3-m59	j:1	f:1 j:1	img3-m61	e:1	e:1 c:1	n:1 e:1 g:1 e:1 c:1 e:1 c:1 h:2 e:1 h:1
page-003.jpg	8	p003-u063	img3-m61	63	9	e:1	d:1	e:1 c:1	i:1 d:1	img3-m62	h:1	e:1 h:1	img3-m64	c:1	c:1 f:1	e:1 c:1 h:2 e:1 f:1 l:1 f:1 i:1 d:1
page-003.jpg	8	p003-u064	img3-m64	64	4	c:1	d:1	c:1 f:1	i:1 d:1	img3-m61	d:1	i:1 d:1	img3-m60	a:1	a:1 e:1	c:1 f:1 i:1 d:1
page-003.jpg	8	p003-u065	img3-m60	65	12	a:1	h:1	a:1 e:1	e:1 h:1	img3-m64	d:1	i:1 d:1				a:1 e:1 b:1 c:1 a:1 e:1 c:1 e:1 c:1 h:2 e:1 h:1
page-003.jpg	9	p003-u066	img3-m72	66	11	e:1	d:1	e:1 h:1	i:1 d:1				img3-m66	e:1	e:1 a:1	e:1 h:1 e:1 c:2 h:2 e:1 f:1 l:1 f:1 i:1 d:1
page-003.jpg	9	p003-u067	img3-m66	67	19	e:1	d:1	e:1 a:1	i:1 d:1	img3-m72	d:1	i:1 d:1	img3-m69	c:1	c:1 f:1	e:1 a:1 m:1 c:1 a:1 b:1 d:1 g:1 e:1 e:1 e:1 i:1 d:1 e:1 f:1 k:1 f:1 i:1 d:1
page-003.jpg	9	p003-u068	img3-m69	68	6	c:1	d:1	c:1 f:1	i:1 d:1	img3-m66	d:1	i:1 d:1	img3-m67	e:1	e:1 a:1	c:1 f:1 j:1 e:1 i:1 d:1
page-003.jpg	9	p003-u069	img3-m67	69	13	e:1	h:1	e:1 a:1	e:1 h:1	img3-m69	d:1	i:1 d:1	img3-m70	e:1	e:1 h:1	e:1 a:1 e:1 b:1 c:1 a:1 b:1 d:1 g:1 e:1 e:1 e:1 h:1
page-003.jpg	9	p003-u070	img3-m70	70	12	e:1	d:1	e:1 h:1	i:1 d:1	img3-m67	h:1	e:1 h:1	img3-m71	n:1	n:1 e:1	e:1 h:1 a:1 m:1 c:1 a:1 e:1 f:1 l:1 f:1 i:1 d:1
page-003.jpg	9	p003-u071	img3-m71	71	11	n:1	h:1	n:1 e:1	e:1 h:1	img3-m70	d:1	i:1 d:1	img3-m68	e:1	e:1 a:1	n:1 e:1 g:1 e:1 c:1 n:1 e:1 g:1 e:1 e:1 h:1
page-003.jpg	9	p003-u072	img3-m68	72	22	e:1	d:1	e:1 a:1	i:1 d:1	img3-m71	h:1	e:1 h:1				e:1 a:1 e:1 b:1 c:1 a:1 b:1 d:1 g:1 e:1 c:1 e:1 c:1 h:2 e:1 f:1 f:1 j:1 e:1 e:1 i:1 d:1
page-003.jpg	10	p003-u073	img3-m84	73	10	c:1	c:1	c:1 a:1	e:1 c:1				img3-m73	a:1	a:1 b:1	c:1 a:1 b:1 c:1 a:1 n:1 e:1 g:1 e:1 c:1
page-003.jpg	10	p003-u074	img3-m73	74	11	a:1	h:1	a:1 b:1	e:1 h:1	img3-m84	c:1	e:1 c:1	img3-m79	c:1	c:1 a:1	a:1 b:1 c:1 a:1 n:1 e:1 g:1 e:1 c:1 e:1 h:1
page-003.jpg	10	p003-u075	img3-m79	75	15	c:1	d:1	c:1 a:1	i:1 d:1	img3-m73	h:1	e:1 h:1	img3-m80	e:1	e:1 a:1	c:1 a:1 m:1 c:1 a:1 e:1 f:1 l:1 f:1 i:1 d:1 l:1 f:1 i:1 d:1
page-003.jpg	10	p003-u076	img3-m80	76	12	e:1	h:1	e:1 a:1	e:1 h:1	img3-m79	d:1	i:1 d:1	img3-m77	c:1	c:1 a:1	e:1 a:1 e:1 b:1 c:1 a:1 b:1 d:1 g:1 e:1 e:1 h:1
page-003.jpg	10	p003-u077	img3-m77	77	10	c:1	j:1	c:1 a:1	f:1 j:1	img3-m80	h:1	e:1 h:1	img3-m76	e:1	e:1 f:1	c:1 a:1 e:1 b:1 c:1 a:1 e:1 c:1 f:1 j:1
page-003.jpg	10	p003-u078	img3-m76	78	11	e:1	d:1	e:1 f:1	i:1 d:1	img3-m77	j:1	f:1 j:1	img3-m78	n:1	n:1 e:1	e:1 f:1 a:1 b:1 c:1 a:1 e:1 l:1 f:1 i:1 d:1
page-003.jpg	10	p003-u079	img3-m78	79	14	n:1	d:1	n:1 e:1	i:1 d:1	img3-m76	d:1	i:1 d:1	img3-m85	e:1	e:1 a:1	n:1 e:1 g:1 e:1 c:1 e:1 c:2 h:2 e:1 f:1 l:1 f:1 i:1 d:1
page-003.jpg	10	p003-u080	img3-m85	80	11	e:1	h:1	e:1 a:1	e:1 h:1	img3-m78	d:1	i:1 d:1	img3-m75	e:1	e:1 i:1	e:1 a:1 e:1 b:1 c:1 a:1 e:1 g:1 e:1 e:1 h:1
page-003.jpg	10	p003-u081	img3-m75	81	13	e:1	h:1	e:1 i:1	e:1 h:1	img3-m85	h:1	e:1 h:1	img3-m74	e:1	e:1 c:1	e:1 i:1 d:1 e:1 a:1 e:1 b:1 c:1 a:1 g:1 e:1 e:1 h:1
page-003.jpg	10	p003-u082	img3-m74	82	9	e:1	d:1	e:1 c:1	i:1 d:1	img3-m75	h:1	e:1 h:1				e:1 c:1 h:2 e:1 f:1 k:1 f:1 i:1 d:1
page-003.jpg	11	p003-u083	img3-m88	83	7	n:1	h:1	n:1 e:1	e:1 h:1				img3-m83	e:1	e:1 a:1	n:1 e:1 g:1 e:1 c:1 e:1 h:1
page-003.jpg	11	p003-u084	img3-m83	84	10	e:1	h:1	e:1 a:1	e:1 h:1	img3-m88	h:1	e:1 h:1	img3-m81	a:1	a:1 b:1	e:1 a:1 b:1 c:1 a:1 g:1 e:1 e:1 e:1 h:1
page-003.jpg	11	p003-u085	img3-m81	85	14	a:1	d:1	a:1 b:1	i:1 d:1	img3-m83	h:1	e:1 h:1	img3-m82	e:1	e:1 a:1	a:1 b:1 c:1 a:1 c:1 e:1 c:1 h:2 e:1 f:1 k:1 f:1 i:1 d:1
page-003.jpg	11	p003-u086	img3-m82	86	22	e:1	d:1	e:1 a:1	i:1 d:1	img3-m81	d:1	i:1 d:1	img3-m86	n:1	n:1 e:1	e:1 a:1 e:1 b:1 c:1 a:1 b:1 d:1 g:1 e:1 c:1 e:1 c:1 h:2 e:1 f:1 k:1 f:1 j:1 e:1 i:1 d:1
page-003.jpg	11	p003-u087	img3-m86	87	5	n:1	c:1	n:1 e:1	e:1 c:1	img3-m82	d:1	i:1 d:1	img3-m87	c:1	c:1 f:1	n:1 e:1 g:1 e:1 c:1
page-003.jpg	11	p003-u088	img3-m87	88	15	c:1	h:2	c:1 f:1	c:2 h:2	img3-m86	c:1	e:1 c:1				c:1 f:1 j:1 e:1 c:1 h:2 e:1 f:1 l:1 f:1 i:1 d:1 e:1 c:2 h:2
page-003.jpg	12	p003-u089	img3-m91	89	9	e:1	d:1	e:1 c:1	i:1 d:1				img3-m93	c:1	c:1 k:1	e:1 c:1 h:2 e:1 f:1 l:1 f:1 i:1 d:1
page-003.jpg	12	p003-u090	img3-m93	90	5	c:1	d:1	c:1 k:1	i:1 d:1	img3-m91	d:1	i:1 d:1	img3-m94	e:1	e:1 g:1	c:1 k:1 f:1 i:1 d:1
page-003.jpg	12	p003-u091	img3-m94	91	6	e:1	j:1	e:1 g:1	f:1 j:1	img3-m93	d:1	i:1 d:1	img3-m95	c:1	c:1 e:1	e:1 g:1 e:1 c:1 f:1 j:1
page-003.jpg	12	p003-u092	img3-m95	92	10	c:1	d:1	c:1 e:1	i:1 d:1	img3-m94	j:1	f:1 j:1	img3-m96	e:1	e:1 g:1	c:1 e:1 c:1 h:2 e:1 f:1 k:1 f:1 i:1 d:1
page-003.jpg	12	p003-u093	img3-m96	93	13	e:1	d:1	e:1 g:1	i:1 d:1	img3-m95	d:1	i:1 d:1	img3-m97	e:1	e:1 c:1	e:1 g:1 e:1 c:1 e:1 c:2 h:2 e:1 f:1 l:1 f:1 i:1 d:1
page-003.jpg	12	p003-u094	img3-m97	94	8	e:1	h:1	e:1 c:1	e:1 h:1	img3-m96	d:1	i:1 d:1	img3-m98	c:1	c:1 a:1	e:1 c:1 h:2 e:1 g:1 e:1 e:1 h:1
page-003.jpg	12	p003-u095	img3-m98	95	11	c:1	d:1	c:1 a:1	i:1 d:1	img3-m97	h:1	e:1 h:1	img3-m92	e:1	e:1 c:1	c:1 a:1 b:1 c:1 a:1 e:1 f:1 l:1 f:1 i:1 d:1
page-003.jpg	12	p003-u096	img3-m92	96	8	e:1	d:1	e:1 c:1	i:1 d:1	img3-m98	d:1	i:1 d:1	img3-m90	e:1	e:1 a:1	e:1 c:1 h:2 e:1 f:1 f:1 i:1 d:1
page-003.jpg	12	p003-u097	img3-m90	97	10	e:1	h:1	e:1 a:1	e:1 h:1	img3-m92	d:1	i:1 d:1	img3-m89	a:1	a:1 b:1	e:1 a:1 e:1 b:1 c:1 a:1 g:1 e:1 e:1 h:1
page-003.jpg	12	p003-u098	img3-m89	98	8	a:1	h:2	a:1 b:1	c:1 h:2	img3-m90	h:1	e:1 h:1				a:1 b:1 c:1 a:1 c:1 e:1 c:1 h:2
page-003.jpg	13	p003-u099	img3-m102	99	9	e:1	d:1	e:1 c:1	i:1 d:1				img3-m103	n:1	n:1 e:1	e:1 c:1 h:2 e:1 f:1 k:1 f:1 i:1 d:1
page-003.jpg	13	p003-u100	img3-m103	100	14	n:1	h:1	n:1 e:1	e:1 h:1	img3-m102	d:1	i:1 d:1	img3-m100	e:1	e:1 a:1	n:1 e:1 g:1 e:1 e:1 a:1 b:1 c:1 a:1 g:1 e:1 e:1 e:1 h:1
page-003.jpg	13	p003-u101	img3-m100	101	11	e:1	d:1	e:1 a:1	i:1 d:1	img3-m103	h:1	e:1 h:1	img3-m105	e:1	e:1 g:1	e:1 a:1 b:1 c:1 a:1 g:1 e:1 c:1 f:1 i:1 d:1
page-003.jpg	13	p003-u102	img3-m105	102	8	e:1	d:1	e:1 g:1	i:1 d:1	img3-m100	d:1	i:1 d:1	img3-m106	n:1	n:1 e:1	e:1 g:1 e:1 e:1 f:1 f:1 i:1 d:1
page-003.jpg	13	p003-u103	img3-m106	103	7	n:1	h:1	n:1 e:1	e:1 h:1	img3-m105	d:1	i:1 d:1	img3-m99	a:1	a:1 b:1	n:1 e:1 g:1 e:1 e:1 e:1 h:1
page-003.jpg	13	p003-u104	img3-m99	104	7	a:1	j:1	a:1 b:1	f:1 j:1	img3-m106	h:1	e:1 h:1	img3-m104	e:1	e:1 g:1	a:1 b:1 c:1 a:1 c:1 f:1 j:1
page-003.jpg	13	p003-u105	img3-m104	105	6	e:1	j:1	e:1 g:1	f:1 j:1	img3-m99	j:1	f:1 j:1	img3-m107	e:1	e:1 g:1	e:1 g:1 e:1 c:1 f:1 j:1
page-003.jpg	13	p003-u106	img3-m107	106	6	e:1	j:1	e:1 g:1	f:1 j:1	img3-m104	j:1	f:1 j:1	img3-m101	a:1	a:1 b:1	e:1 g:1 e:1 c:1 f:1 j:1
page-003.jpg	13	p003-u107	img3-m101	107	8	a:1	d:1	a:1 b:1	i:1 d:1	img3-m107	j:1	f:1 j:1	img3-m108	e:1	e:1 g:1	a:1 b:1 c:1 a:1 c:1 f:1 i:1 d:1
page-003.jpg	13	p003-u108	img3-m108	108	4	e:1	c:1	e:1 g:1	e:1 c:1	img3-m101	d:1	i:1 d:1				e:1 g:1 e:1 c:1
page-003.jpg	14	p003-u109	img3-m115	109	5	n:1	c:1	n:1 e:1	e:1 c:1				img3-m113	e:1	e:1 g:1	n:1 e:1 g:1 e:1 c:1
page-003.jpg	14	p003-u110	img3-m113	110	6	e:1	j:1	e:1 g:1	f:1 j:1	img3-m115	c:1	e:1 c:1	img3-m114	e:1	e:1 g:1	e:1 g:1 e:1 c:1 f:1 j:1
page-003.jpg	14	p003-u111	img3-m114	111	12	e:1	d:1	e:1 g:1	i:1 d:1	img3-m113	j:1	f:1 j:1	img3-m109	e:1	e:1 h:1	e:1 g:1 e:1 c:1 e:1 c:1 h:2 e:1 f:1 f:1 i:1 d:1
page-003.jpg	14	p003-u112	img3-m109	112	10	e:1	e:1	e:1 h:1	g:1 e:1	img3-m114	d:1	i:1 d:1	img3-m110	a:1	a:1 b:1	e:1 h:1 a:1 b:1 c:1 a:1 n:1 e:1 g:1 e:1
page-003.jpg	14	p003-u113	img3-m110	113	8	a:1	c:1	a:1 b:1	e:1 c:1	img3-m109	e:1	g:1 e:1	img3-m112	e:1	e:1 c:1	a:1 b:1 c:1 a:1 e:1 g:1 e:1 c:1
page-003.jpg	14	p003-u114	img3-m112	114	7	e:1	d:1	e:1 c:1	i:1 d:1	img3-m110	c:1	e:1 c:1	img3-m117	e:1	e:1 g:1	e:1 c:1 h:2 c:1 f:1 i:1 d:1
page-003.jpg	14	p003-u115	img3-m117	115	13	e:1	d:1	e:1 g:1	i:1 d:1	img3-m112	d:1	i:1 d:1	img3-m116	n:1	n:1 e:1	e:1 g:1 e:1 c:1 e:1 c:1 h:2 e:1 f:1 k:1 f:1 i:1 d:1
page-003.jpg	14	p003-u116	img3-m116	116	5	n:1	c:1	n:1 e:1	e:1 c:1	img3-m117	d:1	i:1 d:1	img3-m111	a:1	a:1 b:1	n:1 e:1 g:1 e:1 c:1
page-003.jpg	14	p003-u117	img3-m111	117	12	a:1	h:1	a:1 b:1	c:1 h:1	img3-m116	c:1	e:1 c:1				a:1 b:1 c:1 a:1 e:1 g:1 e:1 c:1 f:1 i:1 c:1 h:1
page-003.jpg	15	p003-u118	img3-m123	118	6	c:1	h:1	c:1 e:1	e:1 h:1				img3-m119	e:1	e:1 g:1	c:1 e:1 g:1 e:1 e:1 h:1
page-003.jpg	15	p003-u119	img3-m119	119	11	e:1	h:1	e:1 g:1	e:1 h:1	img3-m123	h:1	e:1 h:1	img3-m124	e:1	e:1 g:1	e:1 g:1 e:1 e:1 a:1 e:1 b:1 c:1 a:1 e:1 h:1
page-003.jpg	15	p003-u120	img3-m124	120	14	e:1	d:1	e:1 g:1	i:1 d:1	img3-m119	h:1	e:1 h:1	img3-m125	n:1	n:1 e:1	e:1 g:1 e:1 e:1 a:1 b:1 c:1 a:1 e:1 f:1 l:1 f:1 i:1 d:1
page-003.jpg	15	p003-u121	img3-m125	121	6	n:1	c:1	n:1 e:1	e:1 c:1	img3-m124	d:1	i:1 d:1	img3-m118	e:1	e:1 a:1	n:1 e:1 g:1 e:1 e:1 c:1
page-003.jpg	15	p003-u122	img3-m118	122	15	e:1	j:1	e:1 a:1	f:1 j:1	img3-m125	c:1	e:1 c:1	img3-m122	e:1	e:1 c:1	e:1 a:1 e:1 b:1 c:1 a:1 b:1 d:1 n:1 e:1 g:1 e:1 c:1 f:1 j:1
page-003.jpg	15	p003-u123	img3-m122	123	13	e:1	h:1	e:1 c:1	e:1 h:1	img3-m118	j:1	f:1 j:1	img3-m120	e:1	e:1 a:1	e:1 c:1 h:2 e:1 c:1 h:2 e:1 c:1 h:2 e:1 h:1 e:1 h:1
page-003.jpg	15	p003-u124	img3-m120	124	10	e:1	h:1	e:1 a:1	e:1 h:1	img3-m122	h:1	e:1 h:1	img3-m121	e:1	e:1 c:1	e:1 a:1 e:1 b:1 c:1 a:1 g:1 e:1 e:1 h:1
page-003.jpg	15	p003-u125	img3-m121	125	16	e:1	h:1	e:1 c:1	e:1 h:1	img3-m120	h:1	e:1 h:1				e:1 c:1 h:2 e:1 l:1 f:1 e:1 a:1 e:1 b:1 c:1 a:1 c:2 g:1 e:1 h:1
page-003.jpg	16	p003-u126	img3-m133	126	8	c:1	h:1	c:1 a:1	e:1 h:1				img3-m131	c:1	c:1 f:1	c:1 a:1 e:1 b:1 c:1 a:1 e:1 h:1
page-003.jpg	16	p003-u127	img3-m131	127	7	c:1	e:1	c:1 f:1	g:1 e:1	img3-m133	h:1	e:1 h:1	img3-m130	n:1	n:1 e:1	c:1 f:1 j:1 n:1 e:1 g:1 e:1
page-003.jpg	16	p003-u128	img3-m130	128	5	n:1	e:1	n:1 e:1	e:1 e:1	img3-m131	e:1	g:1 e:1	img3-m127	a:1	a:1 b:1	n:1 e:1 g:1 e:1 e:1
page-003.jpg	16	p003-u129	img3-m127	129	15	a:1	h:1	a:1 b:1	e:1 h:1	img3-m130	e:1	e:1 e:1	img3-m126	e:1	e:1 a:1	a:1 b:1 c:1 a:1 c:1 e:1 c:1 h:2 n:1 e:1 g:1 e:1 e:1 e:1 h:1
page-003.jpg	16	p003-u130	img3-m126	130	16	e:1	h:1	e:1 a:1	e:1 h:1	img3-m127	h:1	e:1 h:1	img3-m129	e:1	e:1 c:1	e:1 a:1 m:1 c:1 a:1 b:1 d:1 g:1 e:1 e:1 e:1 f:1 f:1 j:1 e:1 h:1
page-003.jpg	16	p003-u131	img3-m129	131	14	e:1	d:1	e:1 c:1	i:1 d:1	img3-m126	h:1	e:1 h:1	img3-m132	e:1	e:1 c:1	e:1 c:1 h:2 e:1 f:1 f:1 i:1 d:1 e:1 f:1 l:1 f:1 i:1 d:1
page-003.jpg	16	p003-u132	img3-m132	132	9	e:1	d:1	e:1 c:1	i:1 d:1	img3-m129	d:1	i:1 d:1	img3-m128	e:1	e:1 a:1	e:1 c:1 h:2 e:1 f:1 l:1 f:1 i:1 d:1
page-003.jpg	16	p003-u133	img3-m128	133	14	e:1	i:1	e:1 a:1	e:1 i:1	img3-m132	d:1	i:1 d:1				e:1 a:1 b:1 c:1 a:1 g:1 e:1 e:1 h:1 e:1 c:1 h:2 e:1 i:1
page-003.jpg	17	p003-u134	img3-m135	134	11	e:1	d:1	e:1 c:1	i:1 d:1				img3-m137	n:1	n:1 e:1	e:1 c:1 h:2 e:1 g:1 e:1 e:1 f:1 f:1 i:1 d:1
page-003.jpg	17	p003-u135	img3-m137	135	18	n:1	d:1	n:1 e:1	i:1 d:1	img3-m135	d:1	i:1 d:1	img3-m138	c:1	c:1 a:1	n:1 e:1 g:1 e:1 e:1 a:1 e:1 b:1 c:1 a:1 g:1 e:1 e:1 f:1 k:1 f:1 i:1 d:1
page-003.jpg	17	p003-u136	img3-m138	136	17	c:1	h:1	c:1 a:1	e:1 h:1	img3-m137	d:1	i:1 d:1	img3-m136	n:1	n:1 c:2	c:1 a:1 b:1 c:1 a:1 e:1 f:1 k:1 f:1 i:1 d:1 e:1 g:1 e:1 e:1 e:1 h:1
page-003.jpg	17	p003-u137	img3-m136	137	24	n:1	j:1	n:1 c:2	f:1 j:1	img3-m138	h:1	e:1 h:1	img3-m134	e:1	e:1 a:1	n:1 c:2 g:1 e:1 e:1 h:1 a:1 e:1 b:1 c:1 a:1 b:1 d:1 e:1 b:1 c:1 a:1 e:1 b:1 c:1 a:1 c:1 f:1 j:1
page-003.jpg	17	p003-u138	img3-m134	138	14	e:1	d:1	e:1 a:1	i:1 d:1	img3-m136	j:1	f:1 j:1	img3-m139	e:1	e:1 c:1	e:1 a:1 e:1 b:1 c:1 a:1 g:1 e:1 e:1 f:1 j:1 e:1 i:1 d:1
page-003.jpg	17	p003-u139	img3-m139	139	14	e:1	c:1	e:1 c:1	e:1 c:1	img3-m134	d:1	i:1 d:1				e:1 c:1 h:2 e:1 f:1 c:1 e:1 a:1 b:1 c:1 a:1 g:1 e:1 c:1
page-003.jpg	18	p003-u140	img3-m142	140	9	n:1	a:1	n:1 e:1	c:1 a:1				img3-m144	e:1	e:1 g:1	n:1 e:1 g:1 e:1 c:1 a:1 b:1 c:1 a:1
page-003.jpg	18	p003-u141	img3-m144	141	7	e:1	d:1	e:1 g:1	i:1 d:1	img3-m142	a:1	c:1 a:1	img3-m143	e:1	e:1 g:1	e:1 g:1 e:1 c:1 f:1 i:1 d:1
page-003.jpg	18	p003-u142	img3-m143	142	6	e:1	h:1	e:1 g:1	e:1 h:1	img3-m144	d:1	i:1 d:1	img3-m141	e:1	e:1 c:1	e:1 g:1 e:1 e:1 e:1 h:1
page-003.jpg	18	p003-u143	img3-m141	143	9	e:1	d:1	e:1 c:1	i:1 d:1	img3-m143	h:1	e:1 h:1	img3-m140	e:1	e:1 a:1	e:1 c:1 h:2 e:1 f:1 l:1 f:1 i:1 d:1
page-003.jpg	18	p003-u144	img3-m140	144	10	e:1	h:1	e:1 a:1	e:1 h:1	img3-m141	d:1	i:1 d:1	img3-m146	c:1	c:1 a:1	e:1 a:1 b:1 c:1 a:1 g:1 e:1 e:1 e:1 h:1
page-003.jpg	18	p003-u145	img3-m146	145	9	c:1	j:1	c:1 a:1	f:1 j:1	img3-m140	h:1	e:1 h:1	img3-m145	e:1	e:1 c:1	c:1 a:1 e:1 b:1 c:1 a:1 c:1 f:1 j:1
page-003.jpg	18	p003-u146	img3-m145	146	10	e:1	d:1	e:1 c:1	i:1 d:1	img3-m146	j:1	f:1 j:1				e:1 c:1 h:2 e:1 f:1 f:1 k:1 f:1 i:1 d:1
page-003.jpg	19	p003-u147	img3-m147	147	11	e:1	c:1	e:1 a:1	e:1 c:1				img3-m149	n:1	n:1 e:1	e:1 a:1 e:1 b:1 c:1 a:1 b:1 d:1 g:1 e:1 c:1
page-003.jpg	19	p003-u148	img3-m149	148	10	n:1	d:1	n:1 e:1	i:1 d:1	img3-m147	c:1	e:1 c:1	img3-m150	n:1	n:1 c:2	n:1 e:1 g:1 e:1 e:1 f:1 k:1 f:1 i:1 d:1
page-003.jpg	19	p003-u149	img3-m150	149	15	n:1	e:1	n:1 c:2	e:1 e:1	img3-m149	d:1	i:1 d:1	img3-m151	e:1	e:1 g:1	n:1 c:2 g:1 e:1 c:1 a:1 b:1 c:1 a:1 e:1 g:1 e:1 e:1 e:1 e:1
page-003.jpg	19	p003-u150	img3-m151	150	6	e:1	j:1	e:1 g:1	f:1 j:1	img3-m150	e:1	e:1 e:1	img3-m148	a:1	a:1 e:1	e:1 g:1 e:1 c:1 f:1 j:1
page-003.jpg	19	p003-u151	img3-m148	151	20	a:1	h:1	a:1 e:1	e:1 h:1	img3-m151	j:1	f:1 j:1	img3-m152	e:1	e:1 a:1	a:1 e:1 b:1 c:1 a:1 n:1 e:1 g:1 e:1 c:1 e:1 c:1 h:2 e:1 e:1 e:1 i:1 d:1 e:1 h:1
page-003.jpg	19	p003-u152	img3-m152	152	24	e:1	h:1	e:1 a:1	e:1 h:1	img3-m148	h:1	e:1 h:1	img3-m154	e:1	e:1 g:1	e:1 a:1 e:1 b:1 c:1 a:1 b:1 d:1 n:1 e:1 c:1 h:2 e:1 g:1 e:1 e:1 e:1 h:1 e:1 h:1 e:1 e:1 e:1 h:1
page-003.jpg	19	p003-u153	img3-m154	153	9	e:1	h:1	e:1 g:1	e:1 h:1	img3-m152	h:1	e:1 h:1	img3-m153	e:1	e:1 c:1	e:1 g:1 e:1 c:1 f:1 i:1 d:1 e:1 h:1
page-003.jpg	19	p003-u154	img3-m153	154	8	e:1	d:1	e:1 c:1	i:1 d:1	img3-m154	h:1	e:1 h:1				e:1 c:1 h:2 e:1 f:1 f:1 i:1 d:1
page-003.jpg	20	p003-u155	img3-m157	155	11	e:1	d:1	e:1 h:1	i:1 d:1				img3-m161	e:1	e:1 g:1	e:1 h:1 e:1 c:1 h:2 e:1 f:1 l:1 f:1 i:1 d:1
page-003.jpg	20	p003-u156	img3-m161	156	6	e:1	j:1	e:1 g:1	f:1 j:1	img3-m157	d:1	i:1 d:1	img3-m158	e:1	e:1 c:1	e:1 g:1 e:1 c:1 f:1 j:1
page-003.jpg	20	p003-u157	img3-m158	157	9	e:1	d:1	e:1 c:1	i:1 d:1	img3-m161	j:1	f:1 j:1	img3-m155	e:1	e:1 a:1	e:1 c:1 h:2 e:1 f:1 l:1 f:1 i:1 d:1
page-003.jpg	20	p003-u158	img3-m155	158	11	e:1	j:1	e:1 a:1	f:1 j:1	img3-m158	d:1	i:1 d:1	img3-m159	e:1	e:1 c:1	e:1 a:1 m:1 c:1 a:1 g:1 e:1 e:1 f:1 f:1 j:1
page-003.jpg	20	p003-u159	img3-m159	159	8	e:1	d:1	e:1 c:1	i:1 d:1	img3-m155	j:1	f:1 j:1	img3-m163	n:1	n:1 e:1	e:1 c:1 h:2 e:1 f:1 f:1 i:1 d:1
page-003.jpg	20	p003-u160	img3-m163	160	10	n:1	d:1	n:1 e:1	i:1 d:1	img3-m159	d:1	i:1 d:1	img3-m156	a:1	a:1 b:1	n:1 e:1 g:1 e:1 e:1 e:1 f:1 f:1 i:1 d:1
page-003.jpg	20	p003-u161	img3-m156	161	10	a:1	d:1	a:1 b:1	i:1 d:1	img3-m163	d:1	i:1 d:1	img3-m162	e:1	e:1 c:1	a:1 b:1 c:1 a:1 e:1 f:1 k:1 f:1 i:1 d:1
page-003.jpg	20	p003-u162	img3-m162	162	8	e:1	d:1	e:1 c:1	i:1 d:1	img3-m156	d:1	i:1 d:1	img3-m164	n:1	n:1 e:1	e:1 c:1 h:2 e:1 f:1 f:1 i:1 d:1
page-003.jpg	20	p003-u163	img3-m164	163	7	n:1	h:1	n:1 e:1	e:1 h:1	img3-m162	d:1	i:1 d:1	img3-m160	e:1	e:1 a:1	n:1 e:1 g:1 e:1 e:1 e:1 h:1
page-003.jpg	20	p003-u164	img3-m160	164	12	e:1	d:1	e:1 a:1	i:1 d:1	img3-m164	h:1	e:1 h:1				e:1 a:1 m:1 c:1 a:1 g:1 e:1 e:1 f:1 f:1 i:1 d:1
page-003.jpg	21	p003-u165	img3-m167	165	4	e:1	c:1	e:1 g:1	e:1 c:1				img3-m170	c:1	c:1 a:1	e:1 g:1 e:1 c:1
page-003.jpg	21	p003-u166	img3-m170	166	11	c:1	d:1	c:1 a:1	i:1 d:1	img3-m167	c:1	e:1 c:1	img3-m171	n:1	n:1 e:1	c:1 a:1 b:1 c:1 a:1 e:1 f:1 k:1 f:1 i:1 d:1
page-003.jpg	21	p003-u167	img3-m171	167	11	n:1	d:1	n:1 e:1	i:1 d:1	img3-m170	d:1	i:1 d:1	img3-m172	c:1	c:1 a:1	n:1 e:1 g:1 e:1 c:1 e:1 f:1 k:1 f:1 i:1 d:1
page-003.jpg	21	p003-u168	img3-m172	168	8	c:1	j:1	c:1 a:1	f:1 j:1	img3-m171	d:1	i:1 d:1	img3-m169	e:1	e:1 c:1	c:1 a:1 b:1 c:1 a:1 c:1 f:1 j:1
page-003.jpg	21	p003-u169	img3-m169	169	9	e:1	d:1	e:1 c:1	i:1 d:1	img3-m172	j:1	f:1 j:1	img3-m165	e:1	e:1 a:1	e:1 c:1 h:2 e:1 f:1 k:1 f:1 i:1 d:1
page-003.jpg	21	p003-u170	img3-m165	170	12	e:1	d:1	e:1 a:1	i:1 d:1	img3-m169	d:1	i:1 d:1	img3-m166	e:1	e:1 a:1	e:1 a:1 b:1 c:1 a:1 b:1 d:1 e:1 f:1 f:1 i:1 d:1
page-003.jpg	21	p003-u171	img3-m166	171	11	e:1	j:1	e:1 a:1	f:1 j:1	img3-m165	d:1	i:1 d:1	img3-m173	e:1	e:1 c:1	e:1 a:1 e:1 b:1 c:1 a:1 g:1 e:1 c:1 f:1 j:1
page-003.jpg	21	p003-u172	img3-m173	172	8	e:1	i:1	e:1 c:1	f:1 i:1	img3-m166	j:1	f:1 j:1	img3-m168	e:1	e:1 a:1	e:1 c:1 h:2 e:1 f:1 k:1 f:1 i:1
page-003.jpg	21	p003-u173	img3-m168	173	19	e:1	d:1	e:1 a:1	i:1 d:1	img3-m173	i:1	f:1 i:1				e:1 a:1 e:1 b:1 c:1 a:1 g:1 e:1 c:1 f:1 j:1 e:1 c:1 h:2 e:1 f:1 f:1 i:1 d:1
page-003.jpg	22	p003-u174	img3-m176	174	9	e:1	h:1	e:1 h:1	e:1 h:1				img3-m178	c:1	c:1 a:1	e:1 h:1 e:1 g:1 e:1 e:1 e:1 e:1 h:1
page-003.jpg	22	p003-u175	img3-m178	175	8	c:1	e:1	c:1 a:1	e:1 e:1	img3-m176	h:1	e:1 h:1	img3-m179	c:1	c:1 a:1	c:1 a:1 b:1 c:1 a:1 e:1 e:1 e:1
page-003.jpg	22	p003-u176	img3-m179	176	7	c:1	h:1	c:1 a:1	e:1 h:1	img3-m178	e:1	e:1 e:1	img3-m175	e:1	e:1 c:1	c:1 a:1 b:1 c:1 a:1 e:1 h:1
page-003.jpg	22	p003-u177	img3-m175	177	9	e:1	d:1	e:1 c:1	i:1 d:1	img3-m179	h:1	e:1 h:1	img3-m180	c:1	c:1 a:1	e:1 c:1 h:2 e:1 f:1 k:1 f:1 i:1 d:1
page-003.jpg	22	p003-u178	img3-m180	178	11	c:1	h:1	c:1 a:1	e:1 h:1	img3-m175	d:1	i:1 d:1	img3-m174	a:1	a:1 b:1	c:1 a:1 b:1 c:1 a:1 e:1 g:1 e:1 e:1 e:1 h:1
page-003.jpg	22	p003-u179	img3-m174	179	15	a:1	d:1	a:1 b:1	i:1 d:1	img3-m180	h:1	e:1 h:1	img3-m183	c:1	c:1 e:1	a:1 b:1 c:1 a:1 c:1 a:1 b:1 c:1 a:1 e:1 f:1 k:1 f:1 i:1 d:1
page-003.jpg	22	p003-u180	img3-m183	180	7	c:1	j:1	c:1 e:1	f:1 j:1	img3-m174	d:1	i:1 d:1	img3-m177	a:1	a:1 b:1	c:1 e:1 g:1 e:1 c:1 f:1 j:1
page-003.jpg	22	p003-u181	img3-m177	181	16	a:1	h:2	a:1 b:1	c:1 h:2	img3-m183	j:1	f:1 j:1				a:1 b:1 c:1 a:1 c:1 e:1 c:1 h:2 e:1 g:1 e:1 e:1 h:1 e:1 c:1 h:2
page-003.jpg	23	p003-u182	img3-m184	182	8	e:1	c:1	e:1 c:1	e:1 c:1				img3-m187	n:1	n:1 e:1	e:1 c:1 h:2 e:1 g:1 e:1 e:1 c:1
page-003.jpg	23	p003-u183	img3-m187	183	10	n:1	h:1	n:1 e:1	e:1 h:1	img3-m184	c:1	e:1 c:1	img3-m181	a:1	a:1 b:1	n:1 e:1 g:1 e:1 c:1 e:1 c:1 h:2 e:1 h:1
page-003.jpg	23	p003-u184	img3-m181	184	13	a:1	h:1	a:1 b:1	e:1 h:1	img3-m187	h:1	e:1 h:1	img3-m182	e:1	e:1 a:1	a:1 b:1 c:1 a:1 c:2 g:1 e:1 n:1 e:1 g:1 e:1 e:1 h:1
page-003.jpg	23	p003-u185	img3-m182	185	9	e:1	h:1	e:1 a:1	e:1 h:1	img3-m181	h:1	e:1 h:1	img3-m188	c:1	c:1 a:1	e:1 a:1 m:1 c:1 a:1 g:1 e:1 e:1 h:1
page-003.jpg	23	p003-u186	img3-m188	186	11	c:1	h:1	c:1 a:1	e:1 h:1	img3-m182	h:1	e:1 h:1	img3-m185	a:1	a:1 b:1	c:1 a:1 b:1 c:1 a:1 e:1 g:1 e:1 e:1 e:1 h:1
page-003.jpg	23	p003-u187	img3-m185	187	8	a:1	h:1	a:1 b:1	e:1 h:1	img3-m188	h:1	e:1 h:1	img3-m186	a:1	a:1 b:1	a:1 b:1 c:1 a:1 e:1 e:1 e:1 h:1
page-003.jpg	23	p003-u188	img3-m186	188	8	a:1	h:1	a:1 b:1	e:1 h:1	img3-m185	h:1	e:1 h:1	img3-m189	e:1	e:1 c:1	a:1 b:1 c:1 a:1 e:1 e:1 e:1 h:1
page-003.jpg	23	p003-u189	img3-m189	189	7	e:1	j:1	e:1 c:1	f:1 j:1	img3-m186	h:1	e:1 h:1	img3-m190	n:1	n:1 e:1	e:1 c:1 h:2 e:1 f:1 f:1 j:1
page-003.jpg	23	p003-u190	img3-m190	190	13	n:1	d:1	n:1 e:1	i:1 d:1	img3-m189	j:1	f:1 j:1				n:1 e:1 g:1 e:1 a:1 e:1 b:1 c:1 a:1 c:1 f:1 i:1 d:1
page-003.jpg	24	p003-u191	img3-m191	191	4	e:1	c:1	e:1 g:1	e:1 c:1				img3-m192	e:1	e:1 g:1	e:1 g:1 e:1 c:1
page-003.jpg	24	p003-u192	img3-m192	192	6	e:1	j:1	e:1 g:1	f:1 j:1	img3-m191	c:1	e:1 c:1	img3-m193	e:1	e:1 g:1	e:1 g:1 e:1 c:1 f:1 j:1
page-003.jpg	24	p003-u193	img3-m193	193	6	e:1	c:1	e:1 g:1	a:1 c:1	img3-m192	j:1	f:1 j:1	img3-m194	e:1	e:1 g:1	e:1 g:1 e:1 c:1 a:1 c:1
page-003.jpg	24	p003-u194	img3-m194	194	10	e:1	h:1	e:1 g:1	e:1 h:1	img3-m193	c:1	a:1 c:1	img3-m195	e:1	e:1 g:1	e:1 g:1 e:1 c:1 a:1 m:1 c:1 a:1 e:1 h:1
page-003.jpg	24	p003-u195	img3-m195	195	12	e:1	h:1	e:1 g:1	e:1 h:1	img3-m194	h:1	e:1 h:1	img3-m196	e:1	e:1 c:1	e:1 g:1 e:1 c:1 a:1 e:1 b:1 c:1 a:1 e:1 e:1 h:1
page-003.jpg	24	p003-u196	img3-m196	196	12	e:1	d:1	e:1 c:1	i:1 d:1	img3-m195	h:1	e:1 h:1				e:1 c:1 h:2 c:2 g:1 e:1 e:1 f:1 k:1 f:1 i:1 d:1
page-004.jpg	1	p004-u001	img4-m1	1	12	a:1	h:1	a:1 b:1	e:1 h:1				img4-m2	e:1	e:1 g:1	a:1 b:1 c:1 a:1 e:1 g:1 e:1 e:1 i:1 d:1 e:1 h:1
page-004.jpg	1	p004-u002	img4-m2	2	13	e:1	d:1	e:1 g:1	i:1 d:1	img4-m1	h:1	e:1 h:1	img4-m3	c:1	c:1 f:1	e:1 g:1 e:1 c:1 e:1 c:1 h:2 e:1 f:1 k:1 f:1 i:1 d:1
page-004.jpg	1	p004-u003	img4-m3	3	3	c:1	j:1	c:1 f:1	f:1 j:1	img4-m2	d:1	i:1 d:1	img4-m5	c:1	c:1 f:1	c:1 f:1 j:1
page-004.jpg	1	p004-u004	img4-m5	4	14	c:1	h:1	c:1 f:1	e:1 h:1	img4-m3	j:1	f:1 j:1	img4-m10	e:1	e:1 g:1	c:1 f:1 j:1 a:1 e:1 b:1 c:1 a:1 e:1 g:1 e:1 e:1 e:1 h:1
page-004.jpg	1	p004-u005	img4-m10	5	8	e:1	d:1	e:1 g:1	i:1 d:1	img4-m5	h:1	e:1 h:1	img4-m4	e:1	e:1 a:1	e:1 g:1 e:1 e:1 f:1 f:1 i:1 d:1
page-004.jpg	1	p004-u006	img4-m4	6	14	e:1	d:1	e:1 a:1	i:1 d:1	img4-m10	d:1	i:1 d:1	img4-m11	e:1	e:1 f:1	e:1 a:1 b:1 c:1 a:1 b:1 d:1 g:1 e:1 e:1 f:1 f:1 i:1 d:1
page-004.jpg	1	p004-u007	img4-m11	7	6	e:1	h:1	e:1 f:1	c:1 h:1	img4-m4	d:1	i:1 d:1				e:1 f:1 f:1 i:1 c:1 h:1
page-004.jpg	2	p004-u008	img4-m6	8	9	e:1	c:1	e:1 h:1	e:1 c:1				img4-m7	e:1	e:1 g:1	e:1 h:1 a:1 m:1 c:1 a:1 e:1 e:1 c:1
page-004.jpg	2	p004-u009	img4-m7	9	8	e:1	d:1	e:1 g:1	i:1 d:1	img4-m6	c:1	e:1 c:1	img4-m8	c:1	c:1 f:1	e:1 g:1 e:1 e:1 f:1 f:1 i:1 d:1
page-004.jpg	2	p004-u010	img4-m8	10	4	c:1	d:1	c:1 f:1	i:1 d:1	img4-m7	d:1	i:1 d:1	img4-m9	c:1	c:1 e:1	c:1 f:1 i:1 d:1
page-004.jpg	2	p004-u011	img4-m9	11	6	c:1	h:1	c:1 e:1	e:1 h:1	img4-m8	d:1	i:1 d:1	img4-m14	e:1	e:1 c:1	c:1 e:1 g:1 e:1 e:1 h:1
page-004.jpg	2	p004-u012	img4-m14	12	9	e:1	j:1	e:1 c:1	f:1 j:1	img4-m9	h:1	e:1 h:1	img4-m12	a:1	a:1 b:1	e:1 c:1 h:2 e:1 g:1 e:1 c:1 f:1 j:1
page-004.jpg	2	p004-u013	img4-m12	13	10	a:1	h:1	a:1 b:1	e:1 h:1	img4-m14	j:1	f:1 j:1	img4-m16	c:1	c:1 a:1	a:1 b:1 c:1 a:1 c:1 e:1 c:1 h:2 e:1 h:1
page-004.jpg	2	p004-u014	img4-m16	14	14	c:1	d:1	c:1 a:1	i:1 d:1	img4-m12	h:1	e:1 h:1	img4-m18	e:1	e:1 g:1	c:1 a:1 b:1 c:1 a:1 c:1 e:1 c:1 h:2 e:1 f:1 f:1 i:1 d:1
page-004.jpg	2	p004-u015	img4-m18	15	9	e:1	h:1	e:1 g:1	e:1 h:1	img4-m16	d:1	i:1 d:1				e:1 g:1 e:1 c:1 e:1 c:1 h:2 e:1 h:1
page-004.jpg	3	p004-u016	img4-m15	16	13	e:1	h:1	e:1 a:1	e:1 h:1				img4-m13	a:1	a:1 b:1	e:1 a:1 b:1 c:1 a:1 g:1 e:1 e:1 c:1 h:2 c:1 e:1 h:1
page-004.jpg	3	p004-u017	img4-m13	17	17	a:1	h:1	a:1 b:1	e:1 h:1	img4-m15	h:1	e:1 h:1	img4-m17	n:1	n:1 e:1	a:1 b:1 c:1 a:1 c:2 g:1 e:1 c:1 a:1 b:1 c:1 a:1 c:2 g:1 e:1 e:1 h:1
page-004.jpg	3	p004-u018	img4-m17	18	6	n:1	h:1	n:1 e:1	e:1 h:1	img4-m13	h:1	e:1 h:1	img4-m21	e:1	e:1 c:1	n:1 e:1 g:1 e:1 e:1 h:1
page-004.jpg	3	p004-u019	img4-m21	19	15	e:1	h:1	e:1 c:1	e:1 h:1	img4-m17	h:1	e:1 h:1	img4-m19	e:1	e:1 a:1	e:1 c:1 h:2 a:1 b:1 c:1 a:1 n:1 c:2 g:1 e:1 e:1 e:1 e:1 h:1
page-004.jpg	3	p004-u020	img4-m19	20	9	e:1	h:1	e:1 a:1	e:1 h:1	img4-m21	h:1	e:1 h:1	img4-m20	a:1	a:1 b:1	e:1 a:1 m:1 c:1 a:1 g:1 e:1 e:1 h:1
page-004.jpg	3	p004-u021	img4-m20	21	9	a:1	a:1	a:1 b:1	c:1 a:1	img4-m19	h:1	e:1 h:1	img4-m28	e:1	e:1 g:1	a:1 b:1 c:1 a:1 c:1 a:1 m:1 c:1 a:1
page-004.jpg	3	p004-u022	img4-m28	22	9	e:1	h:1	e:1 g:1	e:1 h:1	img4-m20	a:1	c:1 a:1	img4-m26	e:1	e:1 c:1	e:1 g:1 e:1 c:1 e:1 c:1 h:2 e:1 h:1
page-004.jpg	3	p004-u023	img4-m26	23	7	e:1	j:1	e:1 c:1	f:1 j:1	img4-m28	h:1	e:1 h:1				e:1 c:1 h:2 e:1 f:1 f:1 j:1
page-004.jpg	4	p004-u024	img4-m22	24	6	e:1	j:1	e:1 c:1	f:1 j:1				img4-m25	e:1	e:1 g:1	e:1 c:1 h:2 c:1 f:1 j:1
page-004.jpg	4	p004-u025	img4-m25	25	10	e:1	c:1	e:1 g:1	e:1 c:1	img4-m22	j:1	f:1 j:1	img4-m23	e:1	e:1 c:1	e:1 g:1 e:1 c:1 a:1 b:1 c:1 a:1 e:1 c:1
page-004.jpg	4	p004-u026	img4-m23	26	9	e:1	d:1	e:1 c:1	i:1 d:1	img4-m25	c:1	e:1 c:1	img4-m24	e:1	e:1 c:1	e:1 c:1 h:2 e:1 f:1 l:1 f:1 i:1 d:1
page-004.jpg	4	p004-u027	img4-m24	27	9	e:1	f:1	e:1 c:1	e:1 f:1	img4-m23	d:1	i:1 d:1	img4-m27	e:1	e:1 i:1	e:1 c:1 h:2 f:1 i:1 c:1 h:1 e:1 f:1
page-004.jpg	4	p004-u028	img4-m27	28	10	e:1	h:1	e:1 i:1	e:1 h:1	img4-m24	f:1	e:1 f:1	img4-m31	e:1	e:1 g:1	e:1 i:1 d:1 c:1 e:1 g:1 e:1 e:1 e:1 h:1
page-004.jpg	4	p004-u029	img4-m31	29	4	e:1	c:1	e:1 g:1	e:1 c:1	img4-m27	h:1	e:1 h:1	img4-m29	a:1	a:1 b:1	e:1 g:1 e:1 c:1
page-004.jpg	4	p004-u030	img4-m29	30	10	a:1	h:1	a:1 b:1	e:1 h:1	img4-m31	c:1	e:1 c:1				a:1 b:1 c:1 a:1 c:1 e:1 c:1 h:2 e:1 h:1
page-004.jpg	5	p004-u031	img4-m30	31	15	e:1	h:1	e:1 a:1	e:1 h:1				img4-m35	c:1	c:1 f:1	e:1 a:1 b:1 c:1 a:1 b:1 d:1 c:1 a:1 m:1 c:1 a:1 c:1 e:1 h:1
page-004.jpg	5	p004-u032	img4-m35	32	7	c:1	e:1	c:1 f:1	g:1 e:1	img4-m30	h:1	e:1 h:1	img4-m34	e:1	e:1 c:1	c:1 f:1 j:1 n:1 e:1 g:1 e:1
page-004.jpg	5	p004-u033	img4-m34	33	9	e:1	d:1	e:1 c:1	i:1 d:1	img4-m35	e:1	g:1 e:1	img4-m32	e:1	e:1 a:1	e:1 c:1 h:2 e:1 f:1 l:1 f:1 i:1 d:1
page-004.jpg	5	p004-u034	img4-m32	34	15	e:1	j:1	e:1 a:1	f:1 j:1	img4-m34	d:1	i:1 d:1	img4-m36	e:1	e:1 c:1	e:1 a:1 e:1 b:1 c:1 a:1 b:1 d:1 g:1 e:1 c:1 e:1 f:1 f:1 j:1
page-004.jpg	5	p004-u035	img4-m36	35	8	e:1	d:1	e:1 c:1	i:1 d:1	img4-m32	j:1	f:1 j:1	img4-m38	e:1	e:1 g:1	e:1 c:1 h:2 e:1 f:1 f:1 i:1 d:1
page-004.jpg	5	p004-u036	img4-m38	36	6	e:1	h:1	e:1 g:1	e:1 h:1	img4-m36	d:1	i:1 d:1	img4-m33	a:1	a:1 m:1	e:1 g:1 e:1 e:1 e:1 h:1
page-004.jpg	5	p004-u037	img4-m33	37	10	a:1	h:1	a:1 m:1	e:1 h:1	img4-m38	h:1	e:1 h:1	img4-m40	c:1	c:1 a:1	a:1 m:1 c:1 a:1 c:1 e:1 c:1 h:2 e:1 h:1
page-004.jpg	5	p004-u038	img4-m40	38	12	c:1	d:1	c:1 a:1	i:1 d:1	img4-m33	h:1	e:1 h:1	img4-m42	n:1	n:1 e:1	c:1 a:1 m:1 c:1 a:1 c:1 e:1 f:1 k:1 f:1 i:1 d:1
page-004.jpg	5	p004-u039	img4-m42	39	11	n:1	h:1	n:1 e:1	e:1 h:1	img4-m40	d:1	i:1 d:1				n:1 e:1 g:1 e:1 c:1 n:1 e:1 g:1 e:1 e:1 h:1
page-004.jpg	6	p004-u040	img4-m39	40	10	e:1	h:1	e:1 g:1	e:1 h:1				img4-m41	e:1	e:1 g:1	e:1 g:1 e:1 c:1 a:1 b:1 c:1 a:1 e:1 h:1
page-004.jpg	6	p004-u041	img4-m41	41	6	e:1	j:1	e:1 g:1	f:1 j:1	img4-m39	h:1	e:1 h:1	img4-m37	e:1	e:1 a:1	e:1 g:1 e:1 c:1 f:1 j:1
page-004.jpg	6	p004-u042	img4-m37	42	10	e:1	j:1	e:1 a:1	f:1 j:1	img4-m41	j:1	f:1 j:1	img4-m43	c:1	c:1 f:1	e:1 a:1 m:1 c:1 a:1 g:1 e:1 c:1 f:1 j:1
page-004.jpg	6	p004-u043	img4-m43	43	7	c:1	e:1	c:1 f:1	g:1 e:1	img4-m37	j:1	f:1 j:1	img4-m44	c:1	c:1 a:1	c:1 f:1 j:1 n:1 e:1 g:1 e:1
page-004.jpg	6	p004-u044	img4-m44	44	9	c:1	j:1	c:1 a:1	f:1 j:1	img4-m43	e:1	g:1 e:1	img4-m45	e:1	e:1 c:1	c:1 a:1 b:1 c:1 a:1 e:1 f:1 f:1 j:1
page-004.jpg	6	p004-u045	img4-m45	45	6	e:1	j:1	e:1 c:1	f:1 j:1	img4-m44	j:1	f:1 j:1	img4-m47	e:1	e:1 g:1	e:1 c:1 h:2 c:1 f:1 j:1
page-004.jpg	6	p004-u046	img4-m47	46	6	e:1	h:1	e:1 g:1	e:1 h:1	img4-m45	j:1	f:1 j:1	img4-m51	e:1	e:1 g:1	e:1 g:1 e:1 e:1 e:1 h:1
page-004.jpg	6	p004-u047	img4-m51	47	8	e:1	c:1	e:1 g:1	h:2 c:1	img4-m47	h:1	e:1 h:1	img4-m53	f:1	f:1 j:1	e:1 g:1 e:1 c:1 e:1 c:1 h:2 c:1
page-004.jpg	6	p004-u048	img4-m53	48	5	f:1	j:1	f:1 j:1	f:1 j:1	img4-m51	c:1	h:2 c:1	img4-m55	e:1	e:1 g:1	f:1 j:1 c:1 f:1 j:1
page-004.jpg	6	p004-u049	img4-m55	49	5	e:1	h:1	e:1 g:1	e:1 h:1	img4-m53	j:1	f:1 j:1	img4-m46	e:1	e:1 a:1	e:1 g:1 e:1 e:1 h:1
page-004.jpg	6	p004-u050	img4-m46	50	10	e:1	h:1	e:1 a:1	e:1 h:1	img4-m55	h:1	e:1 h:1				e:1 a:1 e:1 b:1 c:1 a:1 g:1 e:1 e:1 h:1
page-004.jpg	7	p004-u051	img4-m49	51	3	a:1	c:1	a:1 m:1	m:1 c:1				img4-m50	c:1	c:1 f:1	a:1 m:1 c:1
page-004.jpg	7	p004-u052	img4-m50	52	3	c:1	j:1	c:1 f:1	f:1 j:1	img4-m49	c:1	m:1 c:1	img4-m54	c:2	c:2 g:1	c:1 f:1 j:1
page-004.jpg	7	p004-u053	img4-m54	53	9	c:2	d:1	c:2 g:1	i:1 d:1	img4-m50	j:1	f:1 j:1	img4-m56	e:1	e:1 g:1	c:2 g:1 e:1 c:1 e:1 e:1 e:1 i:1 d:1
page-004.jpg	7	p004-u054	img4-m56	54	7	e:1	j:1	e:1 g:1	f:1 j:1	img4-m54	d:1	i:1 d:1	img4-m52	e:1	e:1 c:1	e:1 g:1 e:1 e:1 c:1 f:1 j:1
page-004.jpg	7	p004-u055	img4-m52	55	6	e:1	j:1	e:1 c:1	f:1 j:1	img4-m56	j:1	f:1 j:1	img4-m48	e:1	e:1 a:1	e:1 c:1 h:2 c:1 f:1 j:1
page-004.jpg	7	p004-u056	img4-m48	56	10	e:1	h:1	e:1 a:1	e:1 h:1	img4-m52	j:1	f:1 j:1	img4-m59	e:1	e:1 h:1	e:1 a:1 m:1 c:1 a:1 g:1 e:1 e:1 e:1 h:1
page-004.jpg	7	p004-u057	img4-m59	57	9	e:1	j:1	e:1 h:1	f:1 j:1	img4-m48	h:1	e:1 h:1	img4-m57	e:1	e:1 c:1	e:1 h:1 a:1 b:1 c:1 a:1 c:1 f:1 j:1
page-004.jpg	7	p004-u058	img4-m57	58	6	e:1	j:1	e:1 c:1	f:1 j:1	img4-m59	j:1	f:1 j:1	img4-m58	e:1	e:1 c:1	e:1 c:1 h:2 c:1 f:1 j:1
page-004.jpg	7	p004-u059	img4-m58	59	7	e:1	c:1	e:1 c:1	j:1 c:1	img4-m57	j:1	f:1 j:1	img4-m64	e:1	e:1 h:1	e:1 c:1 h:2 c:1 f:1 j:1 c:1
page-004.jpg	7	p004-u060	img4-m64	60	9	e:1	j:1	e:1 h:1	f:1 j:1	img4-m58	c:1	j:1 c:1	img4-m63	e:1	e:1 c:1	e:1 h:1 a:1 b:1 c:1 a:1 c:1 f:1 j:1
page-004.jpg	7	p004-u061	img4-m63	61	15	e:1	h:1	e:1 c:1	e:1 h:1	img4-m64	j:1	f:1 j:1				e:1 c:1 h:2 c:1 f:1 j:1 e:1 g:1 e:1 c:1 e:1 c:1 h:2 e:1 h:1
page-004.jpg	8	p004-u062	img4-m65	62	12	c:1	e:1	c:1 a:1	g:1 e:1				img4-m66	c:1	c:1 f:1	c:1 a:1 b:1 c:1 a:1 c:1 f:1 j:1 n:1 e:1 g:1 e:1
page-004.jpg	8	p004-u063	img4-m66	63	3	c:1	j:1	c:1 f:1	f:1 j:1	img4-m65	e:1	g:1 e:1	img4-m60	a:1	a:1 b:1	c:1 f:1 j:1
page-004.jpg	8	p004-u064	img4-m60	64	7	a:1	j:1	a:1 b:1	f:1 j:1	img4-m66	j:1	f:1 j:1	img4-m61	a:1	a:1 b:1	a:1 b:1 c:1 a:1 c:1 f:1 j:1
page-004.jpg	8	p004-u065	img4-m61	65	10	a:1	h:1	a:1 b:1	e:1 h:1	img4-m60	j:1	f:1 j:1	img4-m68	e:1	e:1 g:1	a:1 b:1 c:1 a:1 e:1 e:1 g:1 e:1 e:1 h:1
page-004.jpg	8	p004-u066	img4-m68	66	6	e:1	j:1	e:1 g:1	f:1 j:1	img4-m61	h:1	e:1 h:1	img4-m62	a:1	a:1 b:1	e:1 g:1 e:1 c:1 f:1 j:1
page-004.jpg	8	p004-u067	img4-m62	67	6	a:1	h:1	a:1 b:1	e:1 h:1	img4-m68	j:1	f:1 j:1	img4-m69	e:1	e:1 g:1	a:1 b:1 c:1 a:1 e:1 h:1
page-004.jpg	8	p004-u068	img4-m69	68	6	e:1	j:1	e:1 g:1	f:1 j:1	img4-m62	h:1	e:1 h:1	img4-m67	e:1	e:1 a:1	e:1 g:1 e:1 c:1 f:1 j:1
page-004.jpg	8	p004-u069	img4-m67	69	10	e:1	j:1	e:1 a:1	f:1 j:1	img4-m69	j:1	f:1 j:1	img4-m71	e:1	e:1 g:1	e:1 a:1 m:1 c:1 a:1 g:1 e:1 c:1 f:1 j:1
page-004.jpg	8	p004-u070	img4-m71	70	9	e:1	h:1	e:1 g:1	e:1 h:1	img4-m67	j:1	f:1 j:1	img4-m72	e:1	e:1 g:1	e:1 g:1 e:1 c:1 e:1 c:1 h:2 e:1 h:1
page-004.jpg	8	p004-u071	img4-m72	71	6	e:1	j:1	e:1 g:1	f:1 j:1	img4-m71	h:1	e:1 h:1	img4-m70	e:1	e:1 c:1	e:1 g:1 e:1 c:1 f:1 j:1
page-004.jpg	8	p004-u072	img4-m70	72	9	e:1	d:1	e:1 c:1	i:1 d:1	img4-m72	j:1	f:1 j:1				e:1 c:1 h:2 e:1 f:1 k:1 f:1 i:1 d:1
page-004.jpg	9	p004-u073	img4-m73	73	4	n:1	e:1	n:1 e:1	g:1 e:1				img4-m75	c:1	c:1 f:1	n:1 e:1 g:1 e:1
page-004.jpg	9	p004-u074	img4-m75	74	4	c:1	d:1	c:1 f:1	i:1 d:1	img4-m73	e:1	g:1 e:1	img4-m76	c:1	c:1 a:1	c:1 f:1 i:1 d:1
page-004.jpg	9	p004-u075	img4-m76	75	8	c:1	j:1	c:1 a:1	f:1 j:1	img4-m75	d:1	i:1 d:1	img4-m77	e:1	e:1 g:1	c:1 a:1 b:1 c:1 a:1 c:1 f:1 j:1
page-004.jpg	9	p004-u076	img4-m77	76	6	e:1	j:1	e:1 g:1	f:1 j:1	img4-m76	j:1	f:1 j:1	img4-m74	e:1	e:1 c:1	e:1 g:1 e:1 c:1 f:1 j:1
page-004.jpg	9	p004-u077	img4-m74	77	12	e:1	h:1	e:1 c:1	e:1 h:1	img4-m77	j:1	f:1 j:1	img4-m78	e:1	e:1 c:1	e:1 c:1 h:2 c:1 f:1 j:1 a:1 b:1 c:1 a:1 e:1 h:1
page-004.jpg	9	p004-u078	img4-m78	78	8	e:1	d:1	e:1 c:1	i:1 d:1	img4-m74	h:1	e:1 h:1	img4-m81	c:1	c:1 f:1	e:1 c:1 h:2 e:1 f:1 f:1 i:1 d:1
page-004.jpg	9	p004-u079	img4-m81	79	7	c:1	e:1	c:1 f:1	g:1 e:1	img4-m78	d:1	i:1 d:1	img4-m79	e:1	e:1 c:1	c:1 f:1 j:1 n:1 e:1 g:1 e:1
page-004.jpg	9	p004-u080	img4-m79	80	11	e:1	d:1	e:1 c:1	i:1 d:1	img4-m81	e:1	g:1 e:1	img4-m83	c:1	c:1 a:1	e:1 c:1 h:2 c:2 c:2 g:1 e:1 c:1 f:1 i:1 d:1
page-004.jpg	9	p004-u081	img4-m83	81	10	c:1	c:1	c:1 a:1	e:1 c:1	img4-m79	d:1	i:1 d:1	img4-m82	e:1	e:1 c:1	c:1 a:1 e:1 b:1 c:1 a:1 e:1 g:1 e:1 c:1
page-004.jpg	9	p004-u082	img4-m82	82	8	e:1	d:1	e:1 c:1	i:1 d:1	img4-m83	c:1	e:1 c:1	img4-m84	n:1	n:1 e:1	e:1 c:1 h:2 e:1 f:1 f:1 i:1 d:1
page-004.jpg	9	p004-u083	img4-m84	83	10	n:1	h:1	n:1 e:1	e:1 h:1	img4-m82	d:1	i:1 d:1				n:1 e:1 g:1 e:1 c:1 e:1 c:1 h:2 e:1 h:1
page-004.jpg	10	p004-u084	img4-m80	84	9	a:1	d:1	a:1 m:1	i:1 d:1				img4-m86	e:1	e:1 g:1	a:1 m:1 c:1 a:1 c:1 c:1 f:1 i:1 d:1
page-004.jpg	10	p004-u085	img4-m86	85	14	e:1	h:1	e:1 g:1	e:1 h:1	img4-m80	d:1	i:1 d:1	img4-m85	e:1	e:1 c:1	e:1 g:1 e:1 c:1 a:1 m:1 c:1 a:1 e:1 g:1 e:1 e:1 e:1 h:1
page-004.jpg	10	p004-u086	img4-m85	86	7	e:1	j:1	e:1 c:1	f:1 j:1	img4-m86	h:1	e:1 h:1	img4-m89	e:1	e:1 g:1	e:1 c:1 h:2 e:1 f:1 f:1 j:1
page-004.jpg	10	p004-u087	img4-m89	87	9	e:1	h:1	e:1 g:1	e:1 h:1	img4-m85	j:1	f:1 j:1	img4-m88	e:1	e:1 i:1	e:1 g:1 e:1 c:1 e:1 c:1 h:2 e:1 h:1
page-004.jpg	10	p004-u088	img4-m88	88	12	e:1	h:1	e:1 i:1	e:1 h:1	img4-m89	h:1	e:1 h:1	img4-m87	e:1	e:1 a:1	e:1 i:1 d:1 e:1 g:1 e:1 c:1 e:1 c:1 h:2 e:1 h:1
page-004.jpg	10	p004-u089	img4-m87	89	11	e:1	j:1	e:1 a:1	f:1 j:1	img4-m88	h:1	e:1 h:1	img4-m90	e:1	e:1 g:1	e:1 a:1 e:1 b:1 c:1 a:1 b:1 d:1 c:1 f:1 j:1
page-004.jpg	10	p004-u090	img4-m90	90	12	e:1	d:1	e:1 g:1	i:1 d:1	img4-m87	j:1	f:1 j:1				e:1 g:1 e:1 c:1 e:1 c:1 h:2 e:1 f:1 f:1 i:1 d:1
page-005.jpg	1	p005-u001	img5-m1	1	17	a:1	h:1	a:1 b:1	e:1 h:1				img5-m3	e:1	e:1 h:1	a:1 b:1 c:1 a:1 e:1 h:1 e:1 c:1 h:2 e:1 f:1 l:1 f:1 i:1 d:1 e:1 h:1
page-005.jpg	1	p005-u002	img5-m3	2	8	e:1	d:1	e:1 h:1	b:1 d:1	img5-m1	h:1	e:1 h:1	img5-m7	e:1	e:1 g:1	e:1 h:1 a:1 m:1 c:1 a:1 b:1 d:1
page-005.jpg	1	p005-u003	img5-m7	3	6	e:1	j:1	e:1 g:1	f:1 j:1	img5-m3	d:1	b:1 d:1	img5-m5	e:1	e:1 c:1	e:1 g:1 e:1 c:1 f:1 j:1
page-005.jpg	1	p005-u004	img5-m5	4	9	e:1	d:1	e:1 c:1	i:1 d:1	img5-m7	j:1	f:1 j:1	img5-m6	c:1	c:1 a:1	e:1 c:1 h:2 e:1 f:1 k:1 f:1 i:1 d:1
page-005.jpg	1	p005-u005	img5-m6	5	13	c:1	j:1	c:1 a:1	f:1 j:1	img5-m5	d:1	i:1 d:1	img5-m4	e:1	e:1 a:1	c:1 a:1 e:1 b:1 c:1 a:1 e:1 g:1 e:1 e:1 f:1 f:1 j:1
page-005.jpg	1	p005-u006	img5-m4	6	9	e:1	h:1	e:1 a:1	e:1 h:1	img5-m6	j:1	f:1 j:1	img5-m8	e:1	e:1 g:1	e:1 a:1 b:1 c:1 a:1 b:1 d:1 e:1 h:1
page-005.jpg	1	p005-u007	img5-m8	7	9	e:1	d:1	e:1 g:1	i:1 d:1	img5-m4	h:1	e:1 h:1	img5-m2	e:1	e:1 a:1	e:1 g:1 e:1 e:1 f:1 k:1 f:1 i:1 d:1
page-005.jpg	1	p005-u008	img5-m2	8	15	e:1	h:1	e:1 a:1	e:1 h:1	img5-m8	d:1	i:1 d:1				e:1 a:1 b:1 c:1 a:1 g:1 e:1 c:1 f:1 j:1 e:1 i:1 d:1 e:1 h:1
page-005.jpg	2	p005-u009	img5-m12	9	16	e:1	h:1	e:1 c:1	e:1 h:1				img5-m11	e:1	e:1 g:1	e:1 c:1 h:2 c:1 f:1 i:1 d:1 e:1 g:1 e:1 c:1 f:1 i:1 d:1 e:1 h:1
page-005.jpg	2	p005-u010	img5-m11	10	15	e:1	d:1	e:1 g:1	i:1 d:1	img5-m12	h:1	e:1 h:1	img5-m13	n:1	n:1 e:1	e:1 g:1 e:1 a:1 b:1 c:1 a:1 e:1 f:1 f:1 i:1 d:1 e:1 i:1 d:1
page-005.jpg	2	p005-u011	img5-m13	11	4	n:1	e:1	n:1 e:1	g:1 e:1	img5-m11	d:1	i:1 d:1	img5-m14	c:1	c:1 f:1	n:1 e:1 g:1 e:1
page-005.jpg	2	p005-u012	img5-m14	12	4	c:1	d:1	c:1 f:1	i:1 d:1	img5-m13	e:1	g:1 e:1	img5-m10	e:1	e:1 a:1	c:1 f:1 i:1 d:1
page-005.jpg	2	p005-u013	img5-m10	13	10	e:1	h:1	e:1 a:1	e:1 h:1	img5-m14	d:1	i:1 d:1	img5-m9	e:1	e:1 a:1	e:1 a:1 e:1 b:1 c:1 a:1 g:1 e:1 e:1 h:1
page-005.jpg	2	p005-u014	img5-m9	14	8	e:1	c:1	e:1 a:1	g:1 c:1	img5-m10	h:1	e:1 h:1				e:1 a:1 e:1 b:1 c:1 a:1 g:1 c:1
page-005.jpg	3	p005-u015	img5-m19	15	14	a:1	d:1	a:1 m:1	i:1 d:1				img5-m15	e:1	e:1 a:1	a:1 m:1 c:1 a:1 e:1 b:1 c:1 a:1 e:1 f:1 k:1 f:1 i:1 d:1
page-005.jpg	3	p005-u016	img5-m15	16	13	e:1	h:1	e:1 a:1	e:1 h:1	img5-m19	d:1	i:1 d:1	img5-m16	e:1	e:1 g:1	e:1 a:1 e:1 b:1 c:1 a:1 g:1 e:1 e:1 e:1 h:1 e:1 h:1
page-005.jpg	3	p005-u017	img5-m16	17	7	e:1	d:1	e:1 g:1	i:1 d:1	img5-m15	h:1	e:1 h:1	img5-m17	e:1	e:1 g:1	e:1 g:1 e:1 c:1 f:1 i:1 d:1
page-005.jpg	3	p005-u018	img5-m17	18	5	e:1	h:1	e:1 g:1	e:1 h:1	img5-m16	d:1	i:1 d:1	img5-m18	e:1	e:1 h:1	e:1 g:1 e:1 e:1 h:1
page-005.jpg	3	p005-u019	img5-m18	19	7	e:1	h:1	e:1 h:1	e:1 h:1	img5-m17	h:1	e:1 h:1	img5-m20	e:1	e:1 g:1	e:1 h:1 e:1 c:1 h:2 e:1 h:1
page-005.jpg	3	p005-u020	img5-m20	20	9	e:1	d:1	e:1 g:1	i:1 d:1	img5-m18	h:1	e:1 h:1				e:1 g:1 e:1 e:1 f:1 k:1 f:1 i:1 d:1
page-005.jpg	4	p005-u021	img5-m25	21	4	n:1	c:1	n:1 e:1	g:1 c:1				img5-m24	e:1	e:1 f:1	n:1 e:1 g:1 c:1
page-005.jpg	4	p005-u022	img5-m24	22	9	e:1	h:1	e:1 f:1	e:1 h:1	img5-m25	c:1	g:1 c:1	img5-m23	e:1	e:1 g:1	e:1 f:1 l:1 f:1 e:1 c:1 h:2 e:1 h:1
page-005.jpg	4	p005-u023	img5-m23	23	16	e:1	h:1	e:1 g:1	e:1 h:1	img5-m24	h:1	e:1 h:1	img5-m21	e:1	e:1 a:1	e:1 g:1 e:1 a:1 m:1 c:1 a:1 c:1 e:1 c:1 h:2 e:1 c:1 h:2 e:1 h:1
page-005.jpg	4	p005-u024	img5-m21	24	11	e:1	h:1	e:1 a:1	e:1 h:1	img5-m23	h:1	e:1 h:1	img5-m22	e:1	e:1 c:1	e:1 a:1 m:1 c:1 a:1 b:1 d:1 g:1 e:1 e:1 h:1
page-005.jpg	4	p005-u025	img5-m22	25	10	e:1	d:1	e:1 c:1	i:1 d:1	img5-m21	h:1	e:1 h:1	img5-m26	e:1	e:1 g:1	e:1 c:1 h:2 e:1 f:1 f:1 j:1 e:1 i:1 d:1
page-005.jpg	4	p005-u026	img5-m26	26	17	e:1	h:2	e:1 g:1	c:1 h:2	img5-m22	d:1	i:1 d:1				e:1 g:1 e:1 c:1 a:1 b:1 c:1 a:1 e:1 f:1 k:1 f:1 i:1 d:1 e:1 c:1 h:2
page-005.jpg	5	p005-u027	img5-m31	27	13	c:1	d:1	c:1 a:1	i:1 d:1				img5-m28	f:1	f:1 j:1	c:1 a:1 m:1 c:1 a:1 c:1 e:1 g:1 e:1 c:1 f:1 i:1 d:1
page-005.jpg	5	p005-u028	img5-m28	28	4	f:1	f:1	f:1 j:1	e:1 f:1	img5-m31	d:1	i:1 d:1	img5-m34	n:1	n:1 e:1	f:1 j:1 e:1 f:1
page-005.jpg	5	p005-u029	img5-m34	29	4	n:1	e:1	n:1 e:1	g:1 e:1	img5-m28	f:1	e:1 f:1	img5-m33	c:1	c:1 e:1	n:1 e:1 g:1 e:1
page-005.jpg	5	p005-u030	img5-m33	30	10	c:1	d:1	c:1 e:1	i:1 d:1	img5-m34	e:1	g:1 e:1	img5-m30	e:1	e:1 g:1	c:1 e:1 c:1 h:2 e:1 f:1 k:1 f:1 i:1 d:1
page-005.jpg	5	p005-u031	img5-m30	31	6	e:1	j:1	e:1 g:1	f:1 j:1	img5-m33	d:1	i:1 d:1	img5-m29	e:1	e:1 c:1	e:1 g:1 e:1 c:1 f:1 j:1
page-005.jpg	5	p005-u032	img5-m29	32	8	e:1	d:1	e:1 c:1	i:1 d:1	img5-m30	j:1	f:1 j:1	img5-m32	e:1	e:1 h:1	e:1 c:1 h:2 e:1 f:1 f:1 i:1 d:1
page-005.jpg	5	p005-u033	img5-m32	33	16	e:1	d:1	e:1 h:1	i:1 d:1	img5-m29	d:1	i:1 d:1	img5-m27	e:1	e:1 c:1	e:1 h:1 a:1 e:1 b:1 c:1 a:1 e:1 g:1 e:1 e:1 f:1 k:1 f:1 i:1 d:1
page-005.jpg	5	p005-u034	img5-m27	34	8	e:1	d:1	e:1 c:1	i:1 d:1	img5-m32	d:1	i:1 d:1				e:1 c:1 h:2 e:1 f:1 f:1 i:1 d:1
page-005.jpg	6	p005-u035	img5-m37	35	9	e:1	d:1	e:1 i:1	i:1 d:1				img5-m36	e:1	e:1 c:1	e:1 i:1 d:1 e:1 f:1 k:1 f:1 i:1 d:1
page-005.jpg	6	p005-u036	img5-m36	36	12	e:1	h:2	e:1 c:1	c:1 h:2	img5-m37	d:1	i:1 d:1	img5-m40	e:1	e:1 c:1	e:1 c:1 h:2 e:1 f:1 l:1 f:1 i:1 d:1 e:1 c:1 h:2
page-005.jpg	6	p005-u037	img5-m40	37	10	e:1	j:1	e:1 c:1	f:1 j:1	img5-m36	h:2	c:1 h:2	img5-m38	e:1	e:1 i:1	e:1 c:1 h:2 a:1 b:1 c:1 a:1 c:1 f:1 j:1
page-005.jpg	6	p005-u038	img5-m38	38	7	e:1	d:1	e:1 i:1	i:1 d:1	img5-m40	j:1	f:1 j:1	img5-m42	e:1	e:1 h:1	e:1 i:1 d:1 c:1 f:1 i:1 d:1
page-005.jpg	6	p005-u039	img5-m42	39	14	e:1	h:1	e:1 h:1	e:1 h:1	img5-m38	d:1	i:1 d:1	img5-m39	e:1	e:1 c:1	e:1 h:1 a:1 m:1 c:1 a:1 c:1 f:1 j:1 e:1 c:1 h:2 e:1 h:1
page-005.jpg	6	p005-u040	img5-m39	40	9	e:1	j:1	e:1 c:1	f:1 j:1	img5-m42	h:1	e:1 h:1	img5-m41	e:1	e:1 c:1	e:1 c:1 h:2 e:1 g:1 e:1 c:1 f:1 j:1
page-005.jpg	6	p005-u041	img5-m41	41	8	e:1	h:1	e:1 c:1	e:1 h:1	img5-m39	j:1	f:1 j:1	img5-m35	c:2	c:2 a:1	e:1 c:1 h:2 e:1 g:1 e:1 e:1 h:1
page-005.jpg	6	p005-u042	img5-m35	42	9	c:2	h:1	c:2 a:1	e:1 h:1	img5-m41	h:1	e:1 h:1				c:2 a:1 m:1 c:1 a:1 g:1 e:1 e:1 h:1
page-005.jpg	7	p005-u043	img5-m45	43	4	n:1	e:1	n:1 e:1	g:1 e:1				img5-m47	c:1	c:1 f:1	n:1 e:1 g:1 e:1
page-005.jpg	7	p005-u044	img5-m47	44	4	c:1	d:1	c:1 f:1	i:1 d:1	img5-m45	e:1	g:1 e:1	img5-m43	e:1	e:1 a:1	c:1 f:1 i:1 d:1
page-005.jpg	7	p005-u045	img5-m43	45	9	e:1	h:1	e:1 a:1	e:1 h:1	img5-m47	d:1	i:1 d:1	img5-m44	e:1	e:1 c:1	e:1 a:1 b:1 c:1 a:1 g:1 e:1 e:1 h:1
page-005.jpg	7	p005-u046	img5-m44	46	11	e:1	h:1	e:1 c:1	e:1 h:1	img5-m43	h:1	e:1 h:1	img5-m46	e:1	e:1 g:1	e:1 c:1 h:2 e:1 f:1 k:1 f:1 i:1 d:1 e:1 h:1
page-005.jpg	7	p005-u047	img5-m46	47	14	e:1	d:1	e:1 g:1	i:1 d:1	img5-m44	h:1	e:1 h:1				e:1 g:1 e:1 c:1 f:1 j:1 e:1 c:1 h:2 e:1 f:1 f:1 i:1 d:1
page-005.jpg	8	p005-u048	img5-m48	48	15	a:1	d:1	a:1 b:1	i:1 d:1				img5-m53	n:1	n:1 e:1	a:1 b:1 c:1 a:1 e:1 h:1 e:1 c:1 h:2 e:1 f:1 l:1 f:1 i:1 d:1
page-005.jpg	8	p005-u049	img5-m53	49	4	n:1	e:1	n:1 e:1	g:1 e:1	img5-m48	d:1	i:1 d:1	img5-m55	e:1	e:1 f:1	n:1 e:1 g:1 e:1
page-005.jpg	8	p005-u050	img5-m55	50	6	e:1	d:1	e:1 f:1	i:1 d:1	img5-m53	e:1	g:1 e:1	img5-m54	a:1	a:1 m:1	e:1 f:1 k:1 f:1 i:1 d:1
page-005.jpg	8	p005-u051	img5-m54	51	5	a:1	h:1	a:1 m:1	e:1 h:1	img5-m55	d:1	i:1 d:1	img5-m52	e:1	e:1 i:1	a:1 m:1 c:1 e:1 h:1
page-005.jpg	8	p005-u052	img5-m52	52	7	e:1	e:1	e:1 i:1	g:1 e:1	img5-m54	h:1	e:1 h:1	img5-m57	c:1	c:1 f:1	e:1 i:1 d:1 n:1 e:1 g:1 e:1
page-005.jpg	8	p005-u053	img5-m57	53	18	c:1	d:1	c:1 f:1	i:1 d:1	img5-m52	e:1	g:1 e:1	img5-m56	e:1	e:1 h:1	c:1 f:1 j:1 a:1 b:1 c:1 a:1 b:1 d:1 c:1 e:1 c:1 h:2 e:1 f:1 f:1 i:1 d:1
page-005.jpg	8	p005-u054	img5-m56	54	10	e:1	e:1	e:1 h:1	g:1 e:1	img5-m57	d:1	i:1 d:1	img5-m51	c:1	c:1 f:1	e:1 h:1 a:1 b:1 c:1 a:1 n:1 e:1 g:1 e:1
page-005.jpg	8	p005-u055	img5-m51	55	7	c:1	e:1	c:1 f:1	g:1 e:1	img5-m56	e:1	g:1 e:1	img5-m50	e:1	e:1 e:1	c:1 f:1 j:1 n:1 e:1 g:1 e:1
page-005.jpg	8	p005-u056	img5-m50	56	4	e:1	h:1	e:1 e:1	e:1 h:1	img5-m51	e:1	g:1 e:1	img5-m49	e:1	e:1 c:1	e:1 e:1 e:1 h:1
page-005.jpg	8	p005-u057	img5-m49	57	13	e:1	h:1	e:1 c:1	e:1 h:1	img5-m50	h:1	e:1 h:1	img5-m58	e:1	e:1 c:1	e:1 c:1 h:2 e:1 f:1 k:1 f:1 j:1 e:1 c:1 h:2 e:1 h:1
page-005.jpg	8	p005-u058	img5-m58	58	12	e:1	j:1	e:1 c:1	f:1 j:1	img5-m49	h:1	e:1 h:1				e:1 c:1 h:2 e:1 f:1 k:1 f:1 i:1 d:1 c:1 f:1 j:1
page-005.jpg	9	p005-u059	img5-m61	59	13	e:1	c:1	e:1 c:1	e:1 c:1				img5-m59	a:1	a:1 b:1	e:1 c:1 h:2 f:1 j:1 e:1 i:1 d:1 n:1 e:1 g:1 e:1 c:1
page-005.jpg	9	p005-u060	img5-m59	60	7	a:1	j:1	a:1 b:1	f:1 j:1	img5-m61	c:1	e:1 c:1	img5-m66	n:1	n:1 e:1	a:1 b:1 c:1 a:1 c:1 f:1 j:1
page-005.jpg	9	p005-u061	img5-m66	61	8	n:1	h:1	n:1 e:1	e:1 h:1	img5-m59	j:1	f:1 j:1	img5-m75	n:1	n:1 e:1	n:1 e:1 g:1 e:1 e:1 e:1 e:1 h:1
page-005.jpg	9	p005-u062	img5-m75	62	4	n:1	e:1	n:1 e:1	g:1 e:1	img5-m66	h:1	e:1 h:1	img5-m65	a:1	a:1 m:1	n:1 e:1 g:1 e:1
page-005.jpg	9	p005-u063	img5-m65	63	10	a:1	h:1	a:1 m:1	e:1 h:1	img5-m75	e:1	g:1 e:1	img5-m67	e:1	e:1 h:1	a:1 m:1 c:1 a:1 b:1 c:1 a:1 e:1 e:1 h:1
page-005.jpg	9	p005-u064	img5-m67	64	12	e:1	h:1	e:1 h:1	e:1 h:1	img5-m65	h:1	e:1 h:1	img5-m63	e:1	e:1 i:1	e:1 h:1 a:1 b:1 c:1 a:1 c:1 e:1 c:1 h:2 e:1 h:1
page-005.jpg	9	p005-u065	img5-m63	65	4	e:1	c:1	e:1 i:1	d:1 c:1	img5-m67	h:1	e:1 h:1	img5-m64	e:1	e:1 g:1	e:1 i:1 d:1 c:1
page-005.jpg	9	p005-u066	img5-m64	66	6	e:1	j:1	e:1 g:1	f:1 j:1	img5-m63	c:1	d:1 c:1	img5-m62	e:1	e:1 h:1	e:1 g:1 e:1 c:1 f:1 j:1
page-005.jpg	9	p005-u067	img5-m62	67	8	e:1	h:1	e:1 h:1	e:1 h:1	img5-m64	j:1	f:1 j:1	img5-m60	e:1	e:1 c:1	e:1 h:1 a:1 b:1 c:1 a:1 e:1 h:1
page-005.jpg	9	p005-u068	img5-m60	68	9	e:1	d:1	e:1 c:1	i:1 d:1	img5-m62	h:1	e:1 h:1	img5-m71	e:1	e:1 i:1	e:1 c:1 h:2 e:1 f:1 l:1 f:1 i:1 d:1
page-005.jpg	9	p005-u069	img5-m71	69	9	e:1	d:1	e:1 i:1	i:1 d:1	img5-m60	d:1	i:1 d:1	img5-m68	e:1	e:1 c:1	e:1 i:1 d:1 e:1 f:1 k:1 f:1 i:1 d:1
page-005.jpg	9	p005-u070	img5-m68	70	12	e:1	d:1	e:1 c:1	i:1 d:1	img5-m71	d:1	i:1 d:1				e:1 c:1 h:2 e:1 f:1 f:1 i:1 d:1 l:1 f:1 i:1 d:1
page-005.jpg	10	p005-u071	img5-m72	71	11	m:1	h:1	m:1 a:1	e:1 h:1				img5-m73	e:1	e:1 g:1	m:1 a:1 n:1 c:1 i:1 a:1 b:1 c:1 a:1 e:1 h:1
page-005.jpg	10	p005-u072	img5-m73	72	12	e:1	d:1	e:1 g:1	i:1 d:1	img5-m72	h:1	e:1 h:1	img5-m76	c:1	c:1 f:1	e:1 g:1 e:1 c:1 f:1 j:1 e:1 f:1 k:1 f:1 i:1 d:1
page-005.jpg	10	p005-u073	img5-m76	73	3	c:1	j:1	c:1 f:1	f:1 j:1	img5-m73	d:1	i:1 d:1	img5-m78	n:1	n:1 e:1	c:1 f:1 j:1
page-005.jpg	10	p005-u074	img5-m78	74	4	n:1	e:1	n:1 e:1	g:1 e:1	img5-m76	j:1	f:1 j:1	img5-m79	e:1	e:1 a:1	n:1 e:1 g:1 e:1
page-005.jpg	10	p005-u075	img5-m79	75	7	e:1	h:1	e:1 a:1	e:1 h:1	img5-m78	e:1	g:1 e:1	img5-m74	e:1	e:1 c:1	e:1 a:1 b:1 c:1 a:1 e:1 h:1
page-005.jpg	10	p005-u076	img5-m74	76	9	e:1	d:1	e:1 c:1	i:1 d:1	img5-m79	h:1	e:1 h:1	img5-m70	e:1	e:1 a:1	e:1 c:1 h:2 e:1 f:1 k:1 f:1 i:1 d:1
page-005.jpg	10	p005-u077	img5-m70	77	11	e:1	h:1	e:1 a:1	e:1 h:1	img5-m74	d:1	i:1 d:1	img5-m69	a:1	a:1 b:1	e:1 a:1 e:1 b:1 c:1 a:1 g:1 e:1 e:1 e:1 h:1
page-005.jpg	10	p005-u078	img5-m69	78	8	a:1	j:1	a:1 b:1	f:1 j:1	img5-m70	h:1	e:1 h:1	img5-m82	n:1	n:1 e:1	a:1 b:1 c:1 a:1 e:1 c:1 f:1 j:1
page-005.jpg	10	p005-u079	img5-m82	79	4	n:1	e:1	n:1 e:1	g:1 e:1	img5-m69	j:1	f:1 j:1	img5-m77	e:1	e:1 a:1	n:1 e:1 g:1 e:1
page-005.jpg	10	p005-u080	img5-m77	80	11	e:1	d:1	e:1 a:1	i:1 d:1	img5-m82	e:1	g:1 e:1				e:1 a:1 b:1 c:1 a:1 g:1 e:1 c:1 f:1 i:1 d:1
page-005.jpg	11	p005-u081	img5-m87	81	11	e:1	d:1	e:1 h:1	i:1 d:1				img5-m80	e:1	e:1 c:1	e:1 h:1 e:1 g:1 e:1 e:1 f:1 l:1 f:1 i:1 d:1
page-005.jpg	11	p005-u082	img5-m80	82	7	e:1	j:1	e:1 c:1	f:1 j:1	img5-m87	d:1	i:1 d:1	img5-m85	e:1	e:1 g:1	e:1 c:1 h:2 e:1 f:1 f:1 j:1
page-005.jpg	11	p005-u083	img5-m85	83	5	e:1	h:1	e:1 g:1	e:1 h:1	img5-m80	j:1	f:1 j:1	img5-m83	e:1	e:1 c:1	e:1 g:1 e:1 e:1 h:1
page-005.jpg	11	p005-u084	img5-m83	84	11	e:1	d:1	e:1 c:1	i:1 d:1	img5-m85	h:1	e:1 h:1	img5-m89	n:1	n:1 e:1	e:1 c:1 h:2 e:1 f:1 f:1 j:1 c:1 f:1 i:1 d:1
page-005.jpg	11	p005-u085	img5-m89	85	4	n:1	e:1	n:1 e:1	g:1 e:1	img5-m83	d:1	i:1 d:1	img5-m88	e:1	e:1 f:1	n:1 e:1 g:1 e:1
page-005.jpg	11	p005-u086	img5-m88	86	5	e:1	d:1	e:1 f:1	i:1 d:1	img5-m89	e:1	g:1 e:1	img5-m84	e:1	e:1 c:1	e:1 f:1 f:1 i:1 d:1
page-005.jpg	11	p005-u087	img5-m84	87	8	e:1	d:1	e:1 c:1	i:1 d:1	img5-m88	d:1	i:1 d:1	img5-m86	c:1	c:1 f:1	e:1 c:1 h:2 e:1 f:1 f:1 i:1 d:1
page-005.jpg	11	p005-u088	img5-m86	88	12	c:1	d:1	c:1 f:1	i:1 d:1	img5-m84	d:1	i:1 d:1	img5-m81	e:1	e:1 e:1	c:1 f:1 j:1 e:1 i:1 d:1 e:1 f:1 k:1 f:1 i:1 d:1
page-005.jpg	11	p005-u089	img5-m81	89	4	e:1	h:1	e:1 e:1	e:1 h:1	img5-m86	d:1	i:1 d:1				e:1 e:1 e:1 h:1
page-005.jpg	12	p005-u090	img5-m97	90	8	c:1	j:1	c:1 a:1	f:1 j:1				img5-m94	e:1	e:1 g:1	c:1 a:1 b:1 c:1 a:1 c:1 f:1 j:1
page-005.jpg	12	p005-u091	img5-m94	91	5	e:1	h:1	e:1 g:1	e:1 h:1	img5-m97	j:1	f:1 j:1	img5-m95	e:1	e:1 g:1	e:1 g:1 e:1 e:1 h:1
page-005.jpg	12	p005-u092	img5-m95	92	7	e:1	d:1	e:1 g:1	i:1 d:1	img5-m94	h:1	e:1 h:1	img5-m90	e:1	e:1 a:1	e:1 g:1 e:1 c:1 f:1 i:1 d:1
page-005.jpg	12	p005-u093	img5-m90	93	12	e:1	d:1	e:1 a:1	i:1 d:1	img5-m95	d:1	i:1 d:1	img5-m99	e:1	e:1 h:1	e:1 a:1 e:1 b:1 c:1 a:1 g:1 e:1 c:1 f:1 i:1 d:1
page-005.jpg	12	p005-u094	img5-m99	94	6	e:1	d:1	e:1 h:1	i:1 d:1	img5-m90	d:1	i:1 d:1	img5-m98	e:1	e:1 f:1	e:1 h:1 c:1 f:1 i:1 d:1
page-005.jpg	12	p005-u095	img5-m98	95	5	e:1	d:1	e:1 f:1	i:1 d:1	img5-m99	d:1	i:1 d:1	img5-m96	e:1	e:1 g:1	e:1 f:1 f:1 i:1 d:1
page-005.jpg	12	p005-u096	img5-m96	96	8	e:1	d:1	e:1 g:1	i:1 d:1	img5-m98	d:1	i:1 d:1	img5-m91	e:1	e:1 i:1	e:1 g:1 e:1 e:1 f:1 f:1 i:1 d:1
page-005.jpg	12	p005-u097	img5-m91	97	9	e:1	d:1	e:1 i:1	i:1 d:1	img5-m96	d:1	i:1 d:1	img5-m93	e:1	e:1 g:1	e:1 i:1 d:1 e:1 f:1 k:1 f:1 i:1 d:1
page-005.jpg	12	p005-u098	img5-m93	98	11	e:1	h:1	e:1 g:1	e:1 h:1	img5-m91	d:1	i:1 d:1	img5-m92	e:1	e:1 g:1	e:1 g:1 e:1 e:1 a:1 e:1 b:1 c:1 a:1 e:1 h:1
page-005.jpg	12	p005-u099	img5-m92	99	18	e:1	j:1	e:1 g:1	f:1 j:1	img5-m93	h:1	e:1 h:1				e:1 g:1 e:1 e:1 h:1 a:1 b:1 c:1 a:1 e:1 h:1 d:1 e:1 j:1 e:1 f:1 f:1 j:1
page-005.jpg	13	p005-u100	img5-m101	100	5	n:1	c:1	n:1 e:1	e:1 c:1				img5-m102	e:1	e:1 h:1	n:1 e:1 g:1 e:1 c:1
page-005.jpg	13	p005-u101	img5-m102	101	10	e:1	h:1	e:1 h:1	e:1 h:1	img5-m101	c:1	e:1 c:1	img5-m103	e:1	e:1 g:1	e:1 h:1 e:1 a:1 b:1 c:1 a:1 e:1 e:1 h:1
page-005.jpg	13	p005-u102	img5-m103	102	6	e:1	h:1	e:1 g:1	e:1 h:1	img5-m102	h:1	e:1 h:1	img5-m100	e:1	e:1 c:1	e:1 g:1 e:1 e:1 e:1 h:1
page-005.jpg	13	p005-u103	img5-m100	103	9	e:1	d:1	e:1 c:1	i:1 d:1	img5-m103	h:1	e:1 h:1	img5-m104	e:1	e:1 g:1	e:1 c:1 h:2 e:1 f:1 k:1 f:1 i:1 d:1
page-005.jpg	13	p005-u104	img5-m104	104	13	e:1	h:1	e:1 g:1	e:1 h:1	img5-m100	d:1	i:1 d:1				e:1 g:1 e:1 e:1 a:1 e:1 b:1 c:1 a:1 g:1 e:1 e:1 h:1
page-094.jpg	1	p094-u001	img94-m1	1	18	e:1	a:1	e:1 a:1	c:1 a:1				img94-m6	e:1	e:1 g:1	e:1 a:1 e:1 b:1 c:1 a:1 b:1 d:1 n:1 e:1 g:1 e:1 e:1 c:1 a:1 m:1 c:1 a:1
page-094.jpg	1	p094-u002	img94-m6	2	8	e:1	d:1	e:1 g:1	i:1 d:1	img94-m1	a:1	c:1 a:1	img94-m7	e:1	e:1 a:1	e:1 g:1 e:1 e:1 c:1 f:1 i:1 d:1
page-094.jpg	1	p094-u003	img94-m7	3	10	e:1	h:1	e:1 a:1	e:1 h:1	img94-m6	d:1	i:1 d:1	img94-m3	e:1	e:1 g:1	e:1 a:1 m:1 c:1 a:1 d:1 g:1 e:1 e:1 h:1
page-094.jpg	1	p094-u004	img94-m3	4	11	e:1	c:1	e:1 g:1	e:1 c:1	img94-m7	h:1	e:1 h:1	img94-m4	e:1	e:1 g:1	e:1 g:1 e:1 c:1 f:1 j:1 n:1 e:1 g:1 e:1 c:1
page-094.jpg	1	p094-u005	img94-m4	5	16	e:1	h:1	e:1 g:1	e:1 h:1	img94-m3	c:1	e:1 c:1	img94-m2	e:1	e:1 i:1	e:1 g:1 e:1 c:1 e:1 a:1 b:1 c:1 a:1 b:1 d:1 e:1 g:1 e:1 e:1 h:1
page-094.jpg	1	p094-u006	img94-m2	6	7	e:1	j:1	e:1 i:1	f:1 j:1	img94-m4	h:1	e:1 h:1	img94-m5	e:1	e:1 i:1	e:1 i:1 d:1 e:1 f:1 f:1 j:1
page-094.jpg	1	p094-u007	img94-m5	7	10	e:1	h:1	e:1 i:1	e:1 h:1	img94-m2	j:1	f:1 j:1				e:1 i:1 d:1 e:1 f:1 f:1 i:1 d:1 e:1 h:1
page-094.jpg	2	p094-u008	img94-m9	8	11	e:1	h:1	e:1 c:1	e:1 h:1				img94-m13	n:1	n:1 e:1	e:1 c:1 h:2 n:1 e:1 c:1 g:1 e:1 e:1 e:1 h:1
page-094.jpg	2	p094-u009	img94-m13	9	6	n:1	h:1	n:1 e:1	e:1 h:1	img94-m9	h:1	e:1 h:1	img94-m10	c:1	c:1 a:1	n:1 e:1 g:1 e:1 e:1 h:1
page-094.jpg	2	p094-u010	img94-m10	10	11	c:1	h:1	c:1 a:1	e:1 h:1	img94-m13	h:1	e:1 h:1	img94-m8	e:1	e:1 c:1	c:1 a:1 m:1 c:1 a:1 e:1 g:1 e:1 e:1 e:1 h:1
page-094.jpg	2	p094-u011	img94-m8	11	11	e:1	h:1	e:1 c:1	e:1 h:1	img94-m10	h:1	e:1 h:1	img94-m12	e:1	e:1 g:1	e:1 c:1 h:2 e:1 f:1 k:1 e:1 c:1 h:2 e:1 h:1
page-094.jpg	2	p094-u012	img94-m12	12	9	e:1	h:1	e:1 g:1	e:1 h:1	img94-m8	h:1	e:1 h:1	img94-m11	e:1	e:1 c:2	e:1 g:1 e:1 c:1 f:1 i:1 d:1 e:1 h:1
page-094.jpg	2	p094-u013	img94-m11	13	8	e:1	h:1	e:1 c:2	e:1 h:1	img94-m12	h:1	e:1 h:1				e:1 c:2 h:2 e:1 f:1 k:1 e:1 h:1
page-094.jpg	3	p094-u014	img94-m18	14	7	c:1	e:1	c:1 f:1	g:1 e:1				img94-m19	e:1	e:1 g:1	c:1 f:1 j:1 n:1 e:1 g:1 e:1
page-094.jpg	3	p094-u015	img94-m19	15	8	e:1	d:1	e:1 g:1	i:1 d:1	img94-m18	e:1	g:1 e:1	img94-m20	c:1	c:1 a:1	e:1 g:1 e:1 e:1 f:1 f:1 i:1 d:1
page-094.jpg	3	p094-u016	img94-m20	16	9	c:1	j:1	c:1 a:1	f:1 j:1	img94-m19	d:1	i:1 d:1	img94-m14	e:1	e:1 c:1	c:1 a:1 m:1 c:2 a:1 e:1 c:1 f:1 j:1
page-094.jpg	3	p094-u017	img94-m14	17	7	e:1	d:1	e:1 c:1	i:1 d:1	img94-m20	j:1	f:1 j:1	img94-m16	c:1	c:1 e:1	e:1 c:1 h:2 c:1 f:1 i:1 d:1
page-094.jpg	3	p094-u018	img94-m16	18	12	c:1	j:1	c:1 e:1	f:1 j:1	img94-m14	d:1	i:1 d:1	img94-m17	c:2	c:2 g:1	c:1 e:1 a:1 b:1 a:1 c:2 e:1 g:1 e:1 c:1 f:1 j:1
page-094.jpg	3	p094-u019	img94-m17	19	12	c:2	h:1	c:2 g:1	e:1 h:1	img94-m16	j:1	f:1 j:1	img94-m15	e:1	e:1 c:1	c:2 g:1 e:1 a:1 b:1 c:1 a:1 e:1 g:1 e:1 e:1 h:1
page-094.jpg	3	p094-u020	img94-m15	20	9	e:1	d:1	e:1 c:1	i:1 d:1	img94-m17	h:1	e:1 h:1				e:1 c:1 h:2 e:1 f:1 k:1 f:1 i:1 d:1
page-094.jpg	4	p094-u021	img94-m25	21	11	a:1	j:1	a:1 m:1	f:1 j:1				img94-m27	n:1	n:1 e:1	a:1 m:1 c:1 a:1 e:1 b:1 c:1 a:1 c:1 f:1 j:1
page-094.jpg	4	p094-u022	img94-m27	22	8	n:1	h:1	n:1 e:1	e:1 h:1	img94-m25	j:1	f:1 j:1	img94-m22	a:1	a:1 b:1	n:1 e:1 g:1 e:1 e:1 e:1 e:1 h:1
page-094.jpg	4	p094-u023	img94-m22	23	7	a:1	j:1	a:1 b:1	f:1 j:1	img94-m27	h:1	e:1 h:1	img94-m26	n:1	n:1 e:1	a:1 b:1 c:1 a:1 c:1 f:1 j:1
page-094.jpg	4	p094-u024	img94-m26	24	5	n:1	c:1	n:1 e:1	e:1 c:1	img94-m22	j:1	f:1 j:1	img94-m21	a:1	a:1 b:1	n:1 e:1 g:1 e:1 c:1
page-094.jpg	4	p094-u025	img94-m21	25	11	a:1	h:1	a:1 b:1	e:1 h:1	img94-m26	c:1	e:1 c:1	img94-m24	a:1	a:1 m:1	a:1 b:1 c:1 a:1 e:1 e:1 e:1 g:1 e:1 e:1 h:1
page-094.jpg	4	p094-u026	img94-m24	26	10	a:1	h:1	a:1 m:1	e:1 h:1	img94-m21	h:1	e:1 h:1	img94-m23	e:1	e:1 a:1	a:1 m:1 c:1 a:1 e:1 b:1 c:1 a:1 e:1 h:1
page-094.jpg	4	p094-u027	img94-m23	27	10	e:1	h:1	e:1 a:1	e:1 h:1	img94-m24	h:1	e:1 h:1				e:1 a:1 e:1 b:1 c:1 a:1 g:1 e:1 e:1 h:1
page-094.jpg	5	p094-u028	img94-m29	28	12	e:1	h:1	e:1 c:1	e:1 h:1				img94-m34	n:1	n:1 e:1	e:1 c:1 h:2 n:1 e:1 g:1 e:1 c:1 f:1 j:1 e:1 h:1
page-094.jpg	5	p094-u029	img94-m34	29	9	n:1	d:1	n:1 e:1	i:1 d:1	img94-m29	h:1	e:1 h:1	img94-m33	e:1	e:1 g:1	n:1 e:1 g:1 e:1 e:1 e:1 e:1 i:1 d:1
page-094.jpg	5	p094-u030	img94-m33	30	7	e:1	d:1	e:1 g:1	i:1 d:1	img94-m34	d:1	i:1 d:1	img94-m31	c:1	c:1 e:1	e:1 g:1 e:1 c:1 f:1 i:1 d:1
page-094.jpg	5	p094-u031	img94-m31	31	6	c:1	h:1	c:1 e:1	e:1 h:1	img94-m33	d:1	i:1 d:1	img94-m30	n:1	n:1 e:1	c:1 e:1 c:1 h:2 e:1 h:1
page-094.jpg	5	p094-u032	img94-m30	32	6	n:1	h:1	n:1 e:1	e:1 h:1	img94-m31	h:1	e:1 h:1	img94-m28	e:1	e:1 i:1	n:1 e:1 g:1 e:1 e:1 h:1
page-094.jpg	5	p094-u033	img94-m28	33	5	e:1	h:1	e:1 i:1	e:1 h:1	img94-m30	h:1	e:1 h:1	img94-m32	e:1	e:1 i:1	e:1 i:1 c:2 e:1 h:1
page-094.jpg	5	p094-u034	img94-m32	34	10	e:1	h:1	e:1 i:1	e:1 h:1	img94-m28	h:1	e:1 h:1				e:1 i:1 d:1 e:1 f:1 f:1 i:1 d:1 e:1 h:1
page-094.jpg	6	p094-u035	img94-m39	35	9	e:1	h:1	e:1 g:1	e:1 h:1				img94-m38	e:1	e:1 g:1	e:1 g:1 e:1 c:1 e:1 c:1 h:2 e:1 h:1
page-094.jpg	6	p094-u036	img94-m38	36	8	e:1	d:1	e:1 g:1	i:1 d:1	img94-m39	h:1	e:1 h:1	img94-m36	e:1	e:1 i:1	e:1 g:1 e:1 e:1 c:1 f:1 i:1 d:1
page-094.jpg	6	p094-u037	img94-m36	37	9	e:1	d:1	e:1 i:1	i:1 d:1	img94-m38	d:1	i:1 d:1	img94-m35	e:1	e:1 c:2	e:1 i:1 d:1 e:1 f:1 k:1 f:1 i:1 d:1
page-094.jpg	6	p094-u038	img94-m35	38	11	e:1	h:2	e:1 c:2	c:1 h:2	img94-m36	d:1	i:1 d:1	img94-m37	e:1	e:1 g:1	e:1 c:2 h:2 c:1 e:1 g:1 e:1 c:1 e:1 c:1 h:2
page-094.jpg	6	p094-u039	img94-m37	39	6	e:1	j:1	e:1 g:1	f:1 j:1	img94-m35	h:2	c:1 h:2				e:1 g:1 e:1 c:1 f:1 j:1
page-094.jpg	7	p094-u040	img94-m40	40	21	e:1	c:1	e:1 a:1	e:1 c:1				img94-m42	e:1	e:1 c:1	e:1 a:1 e:1 b:1 c:1 a:1 b:1 d:1 k:1 f:1 i:1 d:1 e:1 c:1 h:2 e:1 f:1 e:1 g:1 e:1 c:1
page-094.jpg	7	p094-u041	img94-m42	41	9	e:1	d:1	e:1 c:1	j:1 d:1	img94-m40	c:1	e:1 c:1	img94-m41	e:1	e:1 a:1	e:1 c:1 h:2 e:1 f:1 l:1 f:1 j:1 d:1
page-094.jpg	7	p094-u042	img94-m41	42	12	e:1	h:1	e:1 a:1	e:1 h:1	img94-m42	d:1	j:1 d:1				e:1 a:1 m:1 c:1 a:1 g:1 e:1 e:1 c:1 h:2 e:1 h:1
page-094.jpg	8	p094-u043	img94-m45	43	9	e:1	d:1	e:1 c:1	i:1 d:1				img94-m46	e:1	e:1 g:1	e:1 c:1 h:2 e:1 f:1 k:1 f:1 i:1 d:1
page-094.jpg	8	p094-u044	img94-m46	44	4	e:1	e:1	e:1 g:1	e:1 e:1	img94-m45	d:1	i:1 d:1	img94-m47	a:1	a:1 e:1	e:1 g:1 e:1 e:1
page-094.jpg	8	p094-u045	img94-m47	45	15	a:1	c:1	a:1 e:1	f:1 c:1	img94-m46	e:1	e:1 e:1	img94-m44	e:1	e:1 c:1	a:1 e:1 b:1 c:1 a:1 f:1 i:1 d:1 c:1 e:1 g:1 e:1 e:1 f:1 c:1
page-094.jpg	8	p094-u046	img94-m44	46	9	e:1	h:1	e:1 c:1	e:1 h:1	img94-m47	c:1	f:1 c:1	img94-m43	e:1	e:1 i:1	e:1 c:1 h:2 f:1 j:1 e:1 f:1 e:1 h:1
page-094.jpg	8	p094-u047	img94-m43	47	7	e:1	j:1	e:1 i:1	f:1 j:1	img94-m44	h:1	e:1 h:1				e:1 i:1 d:1 e:1 f:1 f:1 j:1
page-094.jpg	9	p094-u048	img94-m53	48	14	a:1	h:1	a:1 m:1	e:1 h:1				img94-m51	e:1	e:1 g:1	a:1 m:1 c:1 a:1 m:1 c:1 a:1 c:2 g:1 e:1 e:1 e:1 e:1 h:1
page-094.jpg	9	p094-u049	img94-m51	49	11	e:1	h:1	e:1 g:1	e:1 h:1	img94-m53	h:1	e:1 h:1	img94-m50	e:1	e:1 g:1	e:1 g:1 e:1 e:1 a:1 e:1 b:1 c:1 a:1 e:1 h:1
page-094.jpg	9	p094-u050	img94-m50	50	6	e:1	j:1	e:1 g:1	f:1 j:1	img94-m51	h:1	e:1 h:1	img94-m49	e:1	e:1 g:1	e:1 g:1 e:1 c:1 f:1 j:1
page-094.jpg	9	p094-u051	img94-m49	51	6	e:1	j:1	e:1 g:1	f:1 j:1	img94-m50	j:1	f:1 j:1	img94-m48	e:1	e:1 c:2	e:1 g:1 e:1 c:1 f:1 j:1
page-094.jpg	9	p094-u052	img94-m48	52	8	e:1	d:1	e:1 c:2	i:1 d:1	img94-m49	j:1	f:1 j:1	img94-m56	e:1	e:1 g:1	e:1 c:2 h:2 e:1 k:1 f:1 i:1 d:1
page-094.jpg	9	p094-u053	img94-m56	53	6	e:1	j:1	e:1 g:1	f:1 j:1	img94-m48	d:1	i:1 d:1	img94-m55	e:1	e:1 g:1	e:1 g:1 e:1 c:1 f:1 j:1
page-094.jpg	9	p094-u054	img94-m55	54	9	e:1	h:1	e:1 g:1	e:1 h:1	img94-m56	j:1	f:1 j:1	img94-m52	e:1	e:1 c:1	e:1 g:1 e:1 c:1 e:1 c:1 h:2 e:1 h:1
page-094.jpg	9	p094-u055	img94-m52	55	8	e:1	d:1	e:1 c:1	j:1 d:1	img94-m55	h:1	e:1 h:1				e:1 c:1 h:2 e:1 f:1 f:1 j:1 d:1
page-094.jpg	10	p094-u056	img94-m59	56	25	e:1	h:1	e:1 g:1	e:1 h:1				img94-m57	c:1	c:1 a:1	e:1 g:1 e:1 c:1 a:1 c:2 b:1 c:1 a:1 e:1 g:1 e:1 c:1 f:1 j:1 a:1 m:1 c:1 a:1 c:2 g:1 e:1 e:1 e:1 h:1
page-094.jpg	10	p094-u057	img94-m57	57	18	c:1	h:1	c:1 a:1	e:1 h:1	img94-m59	h:1	e:1 h:1	img94-m54	e:1	e:1 c:1	c:1 a:1 m:1 c:1 a:1 c:2 g:1 e:1 c:1 a:1 m:1 c:1 a:1 e:1 g:1 e:1 e:1 h:1
page-094.jpg	10	p094-u058	img94-m54	58	5	e:1	h:1	e:1 c:1	e:1 h:1	img94-m57	h:1	e:1 h:1	img94-m60	e:1	e:1 c:1	e:1 c:1 h:2 e:1 h:1
page-094.jpg	10	p094-u059	img94-m60	59	8	e:1	h:1	e:1 c:1	e:1 h:1	img94-m54	h:1	e:1 h:1	img94-m58	e:1	e:1 c:1	e:1 c:1 h:2 e:1 g:1 e:1 e:1 h:1
page-094.jpg	10	p094-u060	img94-m58	60	9	e:1	d:1	e:1 c:1	j:1 d:1	img94-m60	h:1	e:1 h:1	img94-m61	e:1	e:1 g:1	e:1 c:1 h:2 e:1 f:1 k:1 f:1 j:1 d:1
page-094.jpg	10	p094-u061	img94-m61	61	5	e:1	h:1	e:1 g:1	e:1 h:1	img94-m58	d:1	j:1 d:1				e:1 g:1 e:1 e:1 h:1
page-094.jpg	11	p094-u062	img94-m68	62	10	c:1	h:1	c:1 a:1	e:1 h:1				img94-m67	e:1	e:1 g:1	c:1 a:1 e:1 b:1 c:1 a:1 e:1 e:1 e:1 h:1
page-094.jpg	11	p094-u063	img94-m67	63	4	e:1	c:1	e:1 g:1	e:1 c:1	img94-m68	h:1	e:1 h:1	img94-m66	e:1	e:1 c:1	e:1 g:1 e:1 c:1
page-094.jpg	11	p094-u064	img94-m66	64	8	e:1	h:1	e:1 c:1	e:1 h:1	img94-m67	c:1	e:1 c:1	img94-m65	e:1	e:1 g:1	e:1 c:1 h:2 e:1 g:1 e:1 e:1 h:1
page-094.jpg	11	p094-u065	img94-m65	65	5	e:1	h:1	e:1 g:1	e:1 h:1	img94-m66	h:1	e:1 h:1	img94-m62	e:1	e:1 a:1	e:1 g:1 e:1 e:1 h:1
page-094.jpg	11	p094-u066	img94-m62	66	7	e:1	h:1	e:1 a:1	e:1 h:1	img94-m65	h:1	e:1 h:1	img94-m63	e:1	e:1 g:1	e:1 a:1 b:1 c:1 a:1 e:1 h:1
page-094.jpg	11	p094-u067	img94-m63	67	11	e:1	h:1	e:1 g:1	e:1 h:1	img94-m62	h:1	e:1 h:1	img94-m69	e:1	e:1 g:1	e:1 g:1 e:1 e:1 h:1 a:1 b:1 c:1 a:1 e:1 h:1
page-094.jpg	11	p094-u068	img94-m69	68	9	e:1	h:1	e:1 g:1	e:1 h:1	img94-m63	h:1	e:1 h:1	img94-m64	e:1	e:1 c:2	e:1 g:1 e:1 c:1 e:1 g:1 e:1 e:1 h:1
page-094.jpg	11	p094-u069	img94-m64	69	9	e:1	d:1	e:1 c:2	i:1 d:1	img94-m69	h:1	e:1 h:1				e:1 c:2 h:2 e:1 f:1 k:1 f:1 i:1 d:1
page-094.jpg	12	p094-u070	img94-m76	70	5	e:1	h:1	e:1 g:1	e:1 h:1				img94-m75	e:1	e:1 g:1	e:1 g:1 e:1 e:1 h:1
page-094.jpg	12	p094-u071	img94-m75	71	4	e:1	c:1	e:1 g:1	e:1 c:1	img94-m76	h:1	e:1 h:1	img94-m70	a:1	a:1 b:1	e:1 g:1 e:1 c:1
page-094.jpg	12	p094-u072	img94-m70	72	11	a:1	h:1	a:1 b:1	e:1 h:1	img94-m75	c:1	e:1 c:1	img94-m73	e:1	e:1 g:1	a:1 b:1 c:1 a:1 e:1 e:1 e:1 i:1 d:1 e:1 h:1
page-094.jpg	12	p094-u073	img94-m73	73	5	e:1	h:1	e:1 g:1	e:1 h:1	img94-m70	h:1	e:1 h:1	img94-m72	e:1	e:1 g:1	e:1 g:1 e:1 e:1 h:1
page-094.jpg	12	p094-u074	img94-m72	74	5	e:1	h:1	e:1 g:1	e:1 h:1	img94-m73	h:1	e:1 h:1	img94-m71	e:1	e:1 g:1	e:1 g:1 e:1 e:1 h:1
page-094.jpg	12	p094-u075	img94-m71	75	10	e:1	h:1	e:1 g:1	e:1 h:1	img94-m72	h:1	e:1 h:1	img94-m77	c:1	c:1 a:1	e:1 g:1 e:1 e:1 a:1 b:1 a:1 c:2 e:1 h:1
page-094.jpg	12	p094-u076	img94-m77	76	12	c:1	h:2	c:1 a:1	c:2 h:2	img94-m71	h:1	e:1 h:1				c:1 a:1 m:1 c:1 a:1 e:1 f:1 f:1 j:1 e:1 c:2 h:2
page-094.jpg	13	p094-u077	img94-m81	77	9	e:1	h:1	e:1 c:1	e:1 h:1				img94-m79	e:1	e:1 c:1	e:1 c:1 h:2 n:1 e:1 g:1 e:1 e:1 h:1
page-094.jpg	13	p094-u078	img94-m79	78	9	e:1	d:1	e:1 c:1	i:1 d:1	img94-m81	h:1	e:1 h:1	img94-m80	e:1	e:1 g:1	e:1 c:1 h:2 e:1 f:1 k:1 f:1 i:1 d:1
page-094.jpg	13	p094-u079	img94-m80	79	16	e:1	h:1	e:1 g:1	e:1 h:1	img94-m79	d:1	i:1 d:1	img94-m78	e:1	e:1 g:1	e:1 g:1 e:1 e:1 c:1 h:2 f:1 j:1 e:1 a:1 e:1 b:1 c:1 a:1 e:1 h:1
page-094.jpg	13	p094-u080	img94-m78	80	9	e:1	d:1	e:1 g:1	i:1 d:1	img94-m80	h:1	e:1 h:1	img94-m74	e:1	e:1 c:1	e:1 g:1 e:1 e:1 f:1 k:1 f:1 i:1 d:1
page-094.jpg	13	p094-u081	img94-m74	81	10	e:1	h:1	e:1 c:1	e:1 h:1	img94-m78	d:1	i:1 d:1				e:1 c:1 h:2 e:1 g:1 e:1 e:1 e:1 e:1 h:1
page-094.jpg	14	p094-u082	img94-m83	82	6	e:1	j:1	e:1 g:1	f:1 j:1				img94-m82	e:1	e:1 a:1	e:1 g:1 e:1 c:1 f:1 j:1
page-094.jpg	14	p094-u083	img94-m82	83	11	e:1	h:1	e:1 a:1	e:1 h:1	img94-m83	j:1	f:1 j:1				e:1 a:1 m:1 c:1 a:1 c:2 g:1 e:1 e:1 e:1 h:1
