folio	line	region_id	eva_token_sequence	eva_token_count	eva_symbol_count	atoms_unit_sequence	atoms_unit_count	atoms_symbol_count	relation_type	alignment_confidence	coordinate_evidence	ambiguity_note
f1r	1	f1r-l1-r001	fachys ykal ar	3	12	p003-u001 p003-u002 p003-u003	3	31	N:M	low	atoms_x=545-1088; eva_ordinal=1-3/10; line_pair=paired-by-ordinal	EVA token spans are ordinal estimates; ATOMS spans use bounding boxes.; line-count-drift eva=10 atoms=9; grouped relation; inspect visually before token-level use
f1r	1	f1r-l1-r002	ataiin shol shory cthres y kor sholdy	7	31	p003-u004 p003-u005 p003-u006 p003-u007 p003-u008 p003-u009	6	67	N:M	low	atoms_x=1117-2397; eva_ordinal=4-10/10; line_pair=paired-by-ordinal	EVA token spans are ordinal estimates; ATOMS spans use bounding boxes.; line-count-drift eva=10 atoms=9; grouped relation; inspect visually before token-level use
f1r	2	f1r-l2-r001	sory	1	4	p003-u010	1	9	1:1	low-medium	atoms_x=565-721; eva_ordinal=1-1/11; line_pair=paired-by-ordinal	EVA token spans are ordinal estimates; ATOMS spans use bounding boxes.; line-count-drift eva=11 atoms=9
f1r	2	f1r-l2-r002	ckhar or y kair chtaiin shar are cthar	8	31	p003-u011 p003-u012 p003-u013 p003-u014 p003-u015 p003-u016 p003-u017	7	67	N:M	low	atoms_x=772-2046; eva_ordinal=2-9/11; line_pair=paired-by-ordinal	EVA token spans are ordinal estimates; ATOMS spans use bounding boxes.; line-count-drift eva=11 atoms=9; grouped relation; inspect visually before token-level use
f1r	2	f1r-l2-r003	cthar dan	2	8	p003-u018	1	21	N:1	low	atoms_x=2077-2406; eva_ordinal=10-11/11; line_pair=paired-by-ordinal	EVA token spans are ordinal estimates; ATOMS spans use bounding boxes.; line-count-drift eva=11 atoms=9; grouped relation; inspect visually before token-level use
f1r	3	f1r-l3-r001	syaiir sheky or ykaiin	4	19	p003-u019 p003-u020 p003-u021 p003-u022 p003-u023	5	38	N:M	low	atoms_x=513-1321; eva_ordinal=1-4/9; line_pair=paired-by-ordinal	EVA token spans are ordinal estimates; ATOMS spans use bounding boxes.; line-count-drift eva=9 atoms=10; grouped relation; inspect visually before token-level use
f1r	3	f1r-l3-r002	shod cthoary cthes daraiin sa	5	25	p003-u024 p003-u025 p003-u026 p003-u027 p003-u028	5	55	N:M	low	atoms_x=1365-2385; eva_ordinal=5-9/9; line_pair=paired-by-ordinal	EVA token spans are ordinal estimates; ATOMS spans use bounding boxes.; line-count-drift eva=9 atoms=10; grouped relation; inspect visually before token-level use
f1r	4	f1r-l4-r001	ooiin oteey oteos roloty cth?ar daiin otaiin or okan	9	44	p003-u029 p003-u030 p003-u031 p003-u032 p003-u033 p003-u034 p003-u035 p003-u036	8	89	N:M	low	atoms_x=577-2389; eva_ordinal=1-9/9; line_pair=paired-by-ordinal	EVA token spans are ordinal estimates; ATOMS spans use bounding boxes.; line-count-drift eva=9 atoms=8; grouped relation; inspect visually before token-level use
f1r	5	f1r-l5-r001	dair y chear cthaiin cphar	5	22	p003-u037 p003-u038 p003-u039 p003-u040 p003-u041	5	62	N:M	low	atoms_x=584-1693; eva_ordinal=1-5/7; line_pair=paired-by-ordinal	EVA token spans are ordinal estimates; ATOMS spans use bounding boxes.; line-count-drift eva=7 atoms=6; grouped relation; inspect visually before token-level use
f1r	5	f1r-l5-r002	cfhaiin ydaraishy	2	16	p003-u042	1	19	N:1	low	atoms_x=2015-2357; eva_ordinal=6-7/7; line_pair=paired-by-ordinal	EVA token spans are ordinal estimates; ATOMS spans use bounding boxes.; line-count-drift eva=7 atoms=6; grouped relation; inspect visually before token-level use
f1r	7	f1r-l7-r001	odar	1	4	p003-u043	1	9	1:1	low-medium	atoms_x=780-897; eva_ordinal=1-1/10; line_pair=paired-by-ordinal	EVA token spans are ordinal estimates; ATOMS spans use bounding boxes.; line-count-drift eva=10 atoms=7
f1r	7	f1r-l7-r002	o y shol	3	6	p003-u044 p003-u045	2	24	N:M	low	atoms_x=947-1405; eva_ordinal=2-4/10; line_pair=paired-by-ordinal	EVA token spans are ordinal estimates; ATOMS spans use bounding boxes.; line-count-drift eva=10 atoms=7; grouped relation; inspect visually before token-level use
f1r	7	f1r-l7-r003	cphoy oydar sh s cfhoaiin shodary	6	28	p003-u046 p003-u047 p003-u048 p003-u049	4	50	N:M	low	atoms_x=1456-2357; eva_ordinal=5-10/10; line_pair=paired-by-ordinal	EVA token spans are ordinal estimates; ATOMS spans use bounding boxes.; line-count-drift eva=10 atoms=7; grouped relation; inspect visually before token-level use
f1r	8	f1r-l8-r001	yshey shody	2	10	p003-u050 p003-u051	2	18	N:M	low	atoms_x=572-927; eva_ordinal=1-2/9; line_pair=paired-by-ordinal	EVA token spans are ordinal estimates; ATOMS spans use bounding boxes.; grouped relation; inspect visually before token-level use
f1r	8	f1r-l8-r002	okchoy	1	6	p003-u052	1	11	1:1	medium	atoms_x=976-1153; eva_ordinal=3-3/9; line_pair=paired-by-ordinal	EVA token spans are ordinal estimates; ATOMS spans use bounding boxes.
f1r	8	f1r-l8-r003	otchol chocthy oschy dain chor kos	6	29	p003-u053 p003-u054 p003-u055 p003-u056 p003-u057 p003-u058	6	58	N:M	low	atoms_x=1202-2367; eva_ordinal=4-9/9; line_pair=paired-by-ordinal	EVA token spans are ordinal estimates; ATOMS spans use bounding boxes.; grouped relation; inspect visually before token-level use
f1r	9	f1r-l9-r001	daiin shos cfhol	3	14	p003-u059 p003-u060 p003-u061 p003-u062	4	39	N:M	low	atoms_x=568-1295; eva_ordinal=1-3/7; line_pair=paired-by-ordinal	EVA token spans are ordinal estimates; ATOMS spans use bounding boxes.; grouped relation; inspect visually before token-level use
f1r	9	f1r-l9-r002	os teody	2	7	p003-u063 p003-u064 p003-u065	3	25	N:M	low	atoms_x=1854-2288; eva_ordinal=6-7/7; line_pair=paired-by-ordinal	EVA token spans are ordinal estimates; ATOMS spans use bounding boxes.; grouped relation; inspect visually before token-level use
f1r	11	f1r-l11-r001	ydain cphesaiin ol	3	16	p003-u066 p003-u067 p003-u068	3	36	N:M	low	atoms_x=664-1300; eva_ordinal=1-3/8; line_pair=paired-by-ordinal	EVA token spans are ordinal estimates; ATOMS spans use bounding boxes.; line-count-drift eva=8 atoms=7; grouped relation; inspect visually before token-level use
f1r	11	f1r-l11-r002	s	1	1	p003-u069	1	13	1:1	low-medium	atoms_x=1332-1484; eva_ordinal=4-4/8; line_pair=paired-by-ordinal	EVA token spans are ordinal estimates; ATOMS spans use bounding boxes.; line-count-drift eva=8 atoms=7
f1r	11	f1r-l11-r003	cphey	1	5	p003-u070	1	12	1:1	low-medium	atoms_x=1539-1731; eva_ordinal=5-5/8; line_pair=paired-by-ordinal	EVA token spans are ordinal estimates; ATOMS spans use bounding boxes.; line-count-drift eva=8 atoms=7
f1r	11	f1r-l11-r004	ytain shoshy cphodales	3	20	p003-u071 p003-u072	2	33	N:M	low	atoms_x=1775-2372; eva_ordinal=6-8/8; line_pair=paired-by-ordinal	EVA token spans are ordinal estimates; ATOMS spans use bounding boxes.; line-count-drift eva=8 atoms=7; grouped relation; inspect visually before token-level use
f1r	12	f1r-l12-r001	oksho	1	5	p003-u073	1	10	1:1	low-medium	atoms_x=566-746; eva_ordinal=1-1/8; line_pair=paired-by-ordinal	EVA token spans are ordinal estimates; ATOMS spans use bounding boxes.; line-count-drift eva=8 atoms=10
f1r	12	f1r-l12-r002	kshoy otairin	2	12	p003-u074 p003-u075	2	26	N:M	low	atoms_x=790-1230; eva_ordinal=2-3/8; line_pair=paired-by-ordinal	EVA token spans are ordinal estimates; ATOMS spans use bounding boxes.; line-count-drift eva=8 atoms=10; grouped relation; inspect visually before token-level use
f1r	12	f1r-l12-r003	oteol	1	5	p003-u076 p003-u077	2	22	1:N	low	atoms_x=1263-1460; eva_ordinal=4-4/8; line_pair=paired-by-ordinal	EVA token spans are ordinal estimates; ATOMS spans use bounding boxes.; line-count-drift eva=8 atoms=10; grouped relation; inspect visually before token-level use
f1r	12	f1r-l12-r004	okan	1	4	p003-u078	1	11	1:1	low-medium	atoms_x=1516-1668; eva_ordinal=5-5/8; line_pair=paired-by-ordinal	EVA token spans are ordinal estimates; ATOMS spans use bounding boxes.; line-count-drift eva=8 atoms=10
f1r	12	f1r-l12-r005	shodain sckhey daiin	3	18	p003-u079 p003-u080 p003-u081 p003-u082	4	47	N:M	low	atoms_x=1700-2355; eva_ordinal=6-8/8; line_pair=paired-by-ordinal	EVA token spans are ordinal estimates; ATOMS spans use bounding boxes.; line-count-drift eva=8 atoms=10; grouped relation; inspect visually before token-level use
f1r	13	f1r-l13-r001	shoy ckhey	2	9	p003-u083 p003-u084	2	17	N:M	low	atoms_x=565-943; eva_ordinal=1-2/9; line_pair=paired-by-ordinal	EVA token spans are ordinal estimates; ATOMS spans use bounding boxes.; line-count-drift eva=9 atoms=6; grouped relation; inspect visually before token-level use
f1r	13	f1r-l13-r002	kodaiin cphy	2	11	p003-u085	1	14	N:1	low	atoms_x=993-1219; eva_ordinal=3-4/9; line_pair=paired-by-ordinal	EVA token spans are ordinal estimates; ATOMS spans use bounding boxes.; line-count-drift eva=9 atoms=6; grouped relation; inspect visually before token-level use
f1r	13	f1r-l13-r003	cphodaiils cthey	2	15	p003-u086	1	22	N:1	low	atoms_x=1404-1729; eva_ordinal=5-6/9; line_pair=paired-by-ordinal	EVA token spans are ordinal estimates; ATOMS spans use bounding boxes.; line-count-drift eva=9 atoms=6; grouped relation; inspect visually before token-level use
f1r	13	f1r-l13-r004	she oldain d	3	10	p003-u087 p003-u088	2	20	N:M	low	atoms_x=1948-2377; eva_ordinal=7-9/9; line_pair=paired-by-ordinal	EVA token spans are ordinal estimates; ATOMS spans use bounding boxes.; line-count-drift eva=9 atoms=6; grouped relation; inspect visually before token-level use
f1r	14	f1r-l14-r001	dain oiin chol odaiin chodain chdy okain dan cthy kod	10	44	p003-u089 p003-u090 p003-u091 p003-u092 p003-u093 p003-u094 p003-u095 p003-u096 p003-u097 p003-u098	10	88	N:M	low	atoms_x=562-2391; eva_ordinal=1-10/10; line_pair=paired-by-ordinal	EVA token spans are ordinal estimates; ATOMS spans use bounding boxes.; grouped relation; inspect visually before token-level use
f1r	15	f1r-l15-r001	daiin	1	5	p003-u099	1	9	1:1	medium	atoms_x=561-699; eva_ordinal=1-1/10; line_pair=paired-by-ordinal	EVA token spans are ordinal estimates; ATOMS spans use bounding boxes.
f1r	15	f1r-l15-r002	shckhey ckeor chor shey kol	5	23	p003-u100 p003-u101 p003-u102 p003-u103	4	40	N:M	low	atoms_x=741-1537; eva_ordinal=2-6/10; line_pair=paired-by-ordinal	EVA token spans are ordinal estimates; ATOMS spans use bounding boxes.; grouped relation; inspect visually before token-level use
f1r	15	f1r-l15-r003	chol chol kor chal	4	15	p003-u104 p003-u105 p003-u106 p003-u107 p003-u108	5	31	N:M	low	atoms_x=1599-2275; eva_ordinal=7-10/10; line_pair=paired-by-ordinal	EVA token spans are ordinal estimates; ATOMS spans use bounding boxes.; grouped relation; inspect visually before token-level use
f1r	16	f1r-l16-r001	sho chol shodan kshy kchy dor chodaiin sho kchom	9	40	p003-u109 p003-u110 p003-u111 p003-u112 p003-u113 p003-u114 p003-u115 p003-u116 p003-u117	9	78	N:M	low	atoms_x=565-2330; eva_ordinal=1-9/9; line_pair=paired-by-ordinal	EVA token spans are ordinal estimates; ATOMS spans use bounding boxes.; grouped relation; inspect visually before token-level use
f1r	17	f1r-l17-r001	ycho tchey chokain sheo pshol	5	25	p003-u118 p003-u119 p003-u120 p003-u121 p003-u122	5	52	N:M	low	atoms_x=572-1618; eva_ordinal=1-5/8; line_pair=paired-by-ordinal	EVA token spans are ordinal estimates; ATOMS spans use bounding boxes.; grouped relation; inspect visually before token-level use
f1r	17	f1r-l17-r002	dydyd	1	5	p003-u123	1	13	1:1	medium	atoms_x=1680-1852; eva_ordinal=6-6/8; line_pair=paired-by-ordinal	EVA token spans are ordinal estimates; ATOMS spans use bounding boxes.
f1r	17	f1r-l17-r003	cthy daicthy	2	11	p003-u124 p003-u125	2	26	N:M	low	atoms_x=1918-2310; eva_ordinal=7-8/8; line_pair=paired-by-ordinal	EVA token spans are ordinal estimates; ATOMS spans use bounding boxes.; grouped relation; inspect visually before token-level use
f1r	18	f1r-l18-r001	yto shol	2	7	p003-u126 p003-u127 p003-u128	3	20	N:M	low	atoms_x=566-989; eva_ordinal=1-2/8; line_pair=paired-by-ordinal	EVA token spans are ordinal estimates; ATOMS spans use bounding boxes.; grouped relation; inspect visually before token-level use
f1r	18	f1r-l18-r002	she kodshey cphealy	3	17	p003-u129 p003-u130	2	31	N:M	low	atoms_x=1035-1611; eva_ordinal=3-5/8; line_pair=paired-by-ordinal	EVA token spans are ordinal estimates; ATOMS spans use bounding boxes.; grouped relation; inspect visually before token-level use
f1r	18	f1r-l18-r003	dasain	1	6	p003-u131	1	14	1:1	medium	atoms_x=1691-1895; eva_ordinal=6-6/8; line_pair=paired-by-ordinal	EVA token spans are ordinal estimates; ATOMS spans use bounding boxes.
f1r	18	f1r-l18-r004	dain ckhyds	2	10	p003-u132 p003-u133	2	23	N:M	low	atoms_x=1956-2363; eva_ordinal=7-8/8; line_pair=paired-by-ordinal	EVA token spans are ordinal estimates; ATOMS spans use bounding boxes.; grouped relation; inspect visually before token-level use
f1r	19	f1r-l19-r001	dchar shcthaiin okaiir chey	4	24	p003-u134 p003-u135 p003-u136	3	46	N:M	low	atoms_x=567-1426; eva_ordinal=1-4/8; line_pair=paired-by-ordinal	EVA token spans are ordinal estimates; ATOMS spans use bounding boxes.; line-count-drift eva=8 atoms=6; grouped relation; inspect visually before token-level use
f1r	19	f1r-l19-r002	rchy potol cthols	3	15	p003-u137 p003-u138	2	38	N:M	low	atoms_x=1486-2111; eva_ordinal=5-7/8; line_pair=paired-by-ordinal	EVA token spans are ordinal estimates; ATOMS spans use bounding boxes.; line-count-drift eva=8 atoms=6; grouped relation; inspect visually before token-level use
f1r	19	f1r-l19-r003	dlocta	1	6	p003-u139	1	14	1:1	low-medium	atoms_x=2149-2360; eva_ordinal=8-8/8; line_pair=paired-by-ordinal	EVA token spans are ordinal estimates; ATOMS spans use bounding boxes.; line-count-drift eva=8 atoms=6
f1r	20	f1r-l20-r001	shok chor	2	8	p003-u140 p003-u141 p003-u142	3	22	N:M	low	atoms_x=571-1033; eva_ordinal=1-2/7; line_pair=paired-by-ordinal	EVA token spans are ordinal estimates; ATOMS spans use bounding boxes.; grouped relation; inspect visually before token-level use
f1r	20	f1r-l20-r002	chey dain	2	8	p003-u143 p003-u144	2	19	N:M	low	atoms_x=1099-1421; eva_ordinal=3-4/7; line_pair=paired-by-ordinal	EVA token spans are ordinal estimates; ATOMS spans use bounding boxes.; grouped relation; inspect visually before token-level use
f1r	20	f1r-l20-r003	otol daiiin	2	10	p003-u145 p003-u146	2	19	N:M	low	atoms_x=1961-2324; eva_ordinal=6-7/7; line_pair=paired-by-ordinal	EVA token spans are ordinal estimates; ATOMS spans use bounding boxes.; grouped relation; inspect visually before token-level use
f1r	22	f1r-l22-r001	cpho shaiin shokcheey chol tshodeesy shey pydeey chy ro d?	10	49	p003-u147 p003-u148 p003-u149 p003-u150 p003-u151 p003-u152 p003-u153 p003-u154	8	103	N:M	low	atoms_x=534-2326; eva_ordinal=1-10/10; line_pair=paired-by-ordinal	EVA token spans are ordinal estimates; ATOMS spans use bounding boxes.; line-count-drift eva=10 atoms=8; grouped relation; inspect visually before token-level use
f1r	23	f1r-l23-r001	?doin	1	5	p003-u155	1	11	1:1	medium	atoms_x=544-698; eva_ordinal=1-1/10; line_pair=paired-by-ordinal	EVA token spans are ordinal estimates; ATOMS spans use bounding boxes.
f1r	23	f1r-l23-r002	chol	1	4	p003-u156	1	6	1:1	medium	atoms_x=739-859; eva_ordinal=2-2/10; line_pair=paired-by-ordinal	EVA token spans are ordinal estimates; ATOMS spans use bounding boxes.
f1r	23	f1r-l23-r003	dain cthal	2	9	p003-u157 p003-u158	2	20	N:M	low	atoms_x=899-1215; eva_ordinal=3-4/10; line_pair=paired-by-ordinal	EVA token spans are ordinal estimates; ATOMS spans use bounding boxes.; grouped relation; inspect visually before token-level use
f1r	23	f1r-l23-r004	dar shear	2	8	p003-u159 p003-u160	2	18	N:M	low	atoms_x=1255-1572; eva_ordinal=5-6/10; line_pair=paired-by-ordinal	EVA token spans are ordinal estimates; ATOMS spans use bounding boxes.; grouped relation; inspect visually before token-level use
f1r	23	f1r-l23-r005	kaiin dar	2	8	p003-u161 p003-u162	2	18	N:M	low	atoms_x=1617-1902; eva_ordinal=7-8/10; line_pair=paired-by-ordinal	EVA token spans are ordinal estimates; ATOMS spans use bounding boxes.; grouped relation; inspect visually before token-level use
f1r	23	f1r-l23-r006	shey	1	4	p003-u163	1	7	1:1	medium	atoms_x=1938-2053; eva_ordinal=9-9/10; line_pair=paired-by-ordinal	EVA token spans are ordinal estimates; ATOMS spans use bounding boxes.
f1r	23	f1r-l23-r007	cthar	1	5	p003-u164	1	12	1:1	medium	atoms_x=2093-2264; eva_ordinal=10-10/10; line_pair=paired-by-ordinal	EVA token spans are ordinal estimates; ATOMS spans use bounding boxes.
f1r	24	f1r-l24-r001	cho?o kaiin shoaiin	3	17	p003-u165 p003-u166 p003-u167	3	26	N:M	low	atoms_x=541-1105; eva_ordinal=1-3/9; line_pair=paired-by-ordinal	EVA token spans are ordinal estimates; ATOMS spans use bounding boxes.; grouped relation; inspect visually before token-level use
f1r	24	f1r-l24-r002	okol	1	4	p003-u168	1	8	1:1	medium	atoms_x=1159-1298; eva_ordinal=4-4/9; line_pair=paired-by-ordinal	EVA token spans are ordinal estimates; ATOMS spans use bounding boxes.
f1r	24	f1r-l24-r003	daiin far cthol daiin ctholdar	5	26	p003-u169 p003-u170 p003-u171 p003-u172 p003-u173	5	59	N:M	low	atoms_x=1338-2312; eva_ordinal=5-9/9; line_pair=paired-by-ordinal	EVA token spans are ordinal estimates; ATOMS spans use bounding boxes.; grouped relation; inspect visually before token-level use
f1r	25	f1r-l25-r001	ycheey	1	6	p003-u174	1	9	1:1	low-medium	atoms_x=536-695; eva_ordinal=1-1/9; line_pair=paired-by-ordinal	EVA token spans are ordinal estimates; ATOMS spans use bounding boxes.; line-count-drift eva=9 atoms=8
f1r	25	f1r-l25-r002	okay	1	4	p003-u175	1	8	1:1	low-medium	atoms_x=728-867; eva_ordinal=2-2/9; line_pair=paired-by-ordinal	EVA token spans are ordinal estimates; ATOMS spans use bounding boxes.; line-count-drift eva=9 atoms=8
f1r	25	f1r-l25-r003	oky daiin okchey kokaiin ??chol k??chy dal	7	36	p003-u176 p003-u177 p003-u178 p003-u179 p003-u180 p003-u181	6	65	N:M	low	atoms_x=935-2236; eva_ordinal=3-9/9; line_pair=paired-by-ordinal	EVA token spans are ordinal estimates; ATOMS spans use bounding boxes.; line-count-drift eva=9 atoms=8; grouped relation; inspect visually before token-level use
f1r	26	f1r-l26-r001	d?eeo shody	2	10	p003-u182 p003-u183	2	18	N:M	low	atoms_x=536-901; eva_ordinal=1-2/9; line_pair=paired-by-ordinal	EVA token spans are ordinal estimates; ATOMS spans use bounding boxes.; grouped relation; inspect visually before token-level use
f1r	26	f1r-l26-r002	koshey cthy	2	10	p003-u184 p003-u185	2	22	N:M	low	atoms_x=954-1309; eva_ordinal=3-4/9; line_pair=paired-by-ordinal	EVA token spans are ordinal estimates; ATOMS spans use bounding boxes.; grouped relation; inspect visually before token-level use
f1r	26	f1r-l26-r003	okchey keey keey dal chtor	5	22	p003-u186 p003-u187 p003-u188 p003-u189 p003-u190	5	47	N:M	low	atoms_x=1371-2279; eva_ordinal=5-9/9; line_pair=paired-by-ordinal	EVA token spans are ordinal estimates; ATOMS spans use bounding boxes.; grouped relation; inspect visually before token-level use
f1r	27	f1r-l27-r001	?eo chol chok choty	4	16	p003-u191 p003-u192 p003-u193 p003-u194 p003-u195	5	38	N:M	low	atoms_x=537-1494; eva_ordinal=1-4/6; line_pair=paired-by-ordinal	EVA token spans are ordinal estimates; ATOMS spans use bounding boxes.; grouped relation; inspect visually before token-level use
f1r	27	f1r-l27-r002	dchaiin	1	7	p003-u196	1	12	1:1	medium	atoms_x=2000-2200; eva_ordinal=6-6/6; line_pair=paired-by-ordinal	EVA token spans are ordinal estimates; ATOMS spans use bounding boxes.
f1v	1	f1v-l1-r001	kchsy chadaiin	2	13	p004-u001 p004-u002 p004-u003	3	28	N:M	low	atoms_x=595-1093; eva_ordinal=1-2/7; line_pair=paired-by-ordinal	EVA token spans are ordinal estimates; ATOMS spans use bounding boxes.; grouped relation; inspect visually before token-level use
f1v	1	f1v-l1-r002	char cfhar am	3	11	p004-u004 p004-u005 p004-u006 p004-u007	4	42	N:M	low	atoms_x=1787-2496; eva_ordinal=5-7/7; line_pair=paired-by-ordinal	EVA token spans are ordinal estimates; ATOMS spans use bounding boxes.; grouped relation; inspect visually before token-level use
f1v	2	f1v-l2-r001	yteeay char or	3	12	p004-u008 p004-u009 p004-u010 p004-u011	4	27	N:M	low	atoms_x=571-1131; eva_ordinal=1-3/8; line_pair=paired-by-ordinal	EVA token spans are ordinal estimates; ATOMS spans use bounding boxes.; grouped relation; inspect visually before token-level use
f1v	2	f1v-l2-r002	dcho lkody okodar chody	4	20	p004-u012 p004-u013 p004-u014 p004-u015	4	42	N:M	low	atoms_x=1723-2447; eva_ordinal=5-8/8; line_pair=paired-by-ordinal	EVA token spans are ordinal estimates; ATOMS spans use bounding boxes.; grouped relation; inspect visually before token-level use
f1v	3	f1v-l3-r001	do	1	2	p004-u016	1	13	1:1	low-medium	atoms_x=567-746; eva_ordinal=1-1/9; line_pair=paired-by-ordinal	EVA token spans are ordinal estimates; ATOMS spans use bounding boxes.; line-count-drift eva=9 atoms=8
f1v	3	f1v-l3-r002	ckhy ckho	2	8	p004-u017 p004-u018	2	23	N:M	low	atoms_x=797-1169; eva_ordinal=2-3/9; line_pair=paired-by-ordinal	EVA token spans are ordinal estimates; ATOMS spans use bounding boxes.; line-count-drift eva=9 atoms=8; grouped relation; inspect visually before token-level use
f1v	3	f1v-l3-r003	dksheey cthy	2	11	p004-u019 p004-u020	2	24	N:M	low	atoms_x=1625-2008; eva_ordinal=6-7/9; line_pair=paired-by-ordinal	EVA token spans are ordinal estimates; ATOMS spans use bounding boxes.; line-count-drift eva=9 atoms=8; grouped relation; inspect visually before token-level use
f1v	3	f1v-l3-r004	kotchody dal	2	11	p004-u021 p004-u022 p004-u023	3	25	N:M	low	atoms_x=2048-2447; eva_ordinal=8-9/9; line_pair=paired-by-ordinal	EVA token spans are ordinal estimates; ATOMS spans use bounding boxes.; line-count-drift eva=9 atoms=8; grouped relation; inspect visually before token-level use
f1v	4	f1v-l4-r001	dol chokeo dair	3	13	p004-u024 p004-u025 p004-u026 p004-u027	4	34	N:M	low	atoms_x=565-1153; eva_ordinal=1-3/6; line_pair=paired-by-ordinal	EVA token spans are ordinal estimates; ATOMS spans use bounding boxes.; line-count-drift eva=6 atoms=7; grouped relation; inspect visually before token-level use
f1v	4	f1v-l4-r002	sochey	1	6	p004-u028	1	10	1:1	low-medium	atoms_x=1573-1743; eva_ordinal=5-5/6; line_pair=paired-by-ordinal	EVA token spans are ordinal estimates; ATOMS spans use bounding boxes.; line-count-drift eva=6 atoms=7
f1v	4	f1v-l4-r003	chokody	1	7	p004-u029 p004-u030	2	14	1:N	low	atoms_x=1784-2015; eva_ordinal=6-6/6; line_pair=paired-by-ordinal	EVA token spans are ordinal estimates; ATOMS spans use bounding boxes.; line-count-drift eva=6 atoms=7; grouped relation; inspect visually before token-level use
f1v	5	f1v-l5-r001	potoy	1	5	p004-u031	1	15	1:1	medium	atoms_x=529-729; eva_ordinal=1-1/9; line_pair=paired-by-ordinal	EVA token spans are ordinal estimates; ATOMS spans use bounding boxes.
f1v	5	f1v-l5-r002	shol dair cphoal	3	14	p004-u032 p004-u033 p004-u034	3	31	N:M	low	atoms_x=784-1300; eva_ordinal=2-4/9; line_pair=paired-by-ordinal	EVA token spans are ordinal estimates; ATOMS spans use bounding boxes.; grouped relation; inspect visually before token-level use
f1v	5	f1v-l5-r003	dar chey	2	7	p004-u035 p004-u036	2	14	N:M	low	atoms_x=1547-1785; eva_ordinal=5-6/9; line_pair=paired-by-ordinal	EVA token spans are ordinal estimates; ATOMS spans use bounding boxes.; grouped relation; inspect visually before token-level use
f1v	5	f1v-l5-r004	tody otoaiin	2	11	p004-u037 p004-u038	2	22	N:M	low	atoms_x=1814-2220; eva_ordinal=7-8/9; line_pair=paired-by-ordinal	EVA token spans are ordinal estimates; ATOMS spans use bounding boxes.; grouped relation; inspect visually before token-level use
f1v	5	f1v-l5-r005	shoshy	1	6	p004-u039	1	11	1:1	medium	atoms_x=2259-2452; eva_ordinal=9-9/9; line_pair=paired-by-ordinal	EVA token spans are ordinal estimates; ATOMS spans use bounding boxes.
f1v	6	f1v-l6-r001	choky	1	5	p004-u040	1	10	1:1	low-medium	atoms_x=557-699; eva_ordinal=1-1/10; line_pair=paired-by-ordinal	EVA token spans are ordinal estimates; ATOMS spans use bounding boxes.; line-count-drift eva=10 atoms=11
f1v	6	f1v-l6-r002	chol cthol shol okal	4	17	p004-u041 p004-u042 p004-u043 p004-u044	4	32	N:M	low	atoms_x=749-1378; eva_ordinal=2-5/10; line_pair=paired-by-ordinal	EVA token spans are ordinal estimates; ATOMS spans use bounding boxes.; line-count-drift eva=10 atoms=11; grouped relation; inspect visually before token-level use
f1v	6	f1v-l6-r003	dolchey chodo lol chy cthy	5	22	p004-u045 p004-u046 p004-u047 p004-u048 p004-u049 p004-u050	6	40	N:M	low	atoms_x=1545-2462; eva_ordinal=6-10/10; line_pair=paired-by-ordinal	EVA token spans are ordinal estimates; ATOMS spans use bounding boxes.; line-count-drift eva=10 atoms=11; grouped relation; inspect visually before token-level use
f1v	7	f1v-l7-r001	qo	1	2	p004-u051 p004-u052	2	6	1:N	low	atoms_x=557-707; eva_ordinal=1-1/12; line_pair=paired-by-ordinal	EVA token spans are ordinal estimates; ATOMS spans use bounding boxes.; line-count-drift eva=12 atoms=11; grouped relation; inspect visually before token-level use
f1v	7	f1v-l7-r002	ol choeee cheol dol cthey	5	21	p004-u053 p004-u054 p004-u055 p004-u056	4	32	N:M	low	atoms_x=729-1401; eva_ordinal=2-6/12; line_pair=paired-by-ordinal	EVA token spans are ordinal estimates; ATOMS spans use bounding boxes.; line-count-drift eva=12 atoms=11; grouped relation; inspect visually before token-level use
f1v	7	f1v-l7-r003	ykol dol	2	7	p004-u057 p004-u058	2	15	N:M	low	atoms_x=1533-1803; eva_ordinal=7-8/12; line_pair=paired-by-ordinal	EVA token spans are ordinal estimates; ATOMS spans use bounding boxes.; line-count-drift eva=12 atoms=11; grouped relation; inspect visually before token-level use
f1v	7	f1v-l7-r004	dolo	1	4	p004-u059	1	7	1:1	low-medium	atoms_x=1844-1954; eva_ordinal=9-9/12; line_pair=paired-by-ordinal	EVA token spans are ordinal estimates; ATOMS spans use bounding boxes.; line-count-drift eva=12 atoms=11
f1v	7	f1v-l7-r005	ykol	1	4	p004-u060	1	9	1:1	low-medium	atoms_x=2000-2136; eva_ordinal=10-10/12; line_pair=paired-by-ordinal	EVA token spans are ordinal estimates; ATOMS spans use bounding boxes.; line-count-drift eva=12 atoms=11
f1v	7	f1v-l7-r006	do lchody	2	8	p004-u061	1	15	N:1	low	atoms_x=2174-2461; eva_ordinal=11-12/12; line_pair=paired-by-ordinal	EVA token spans are ordinal estimates; ATOMS spans use bounding boxes.; line-count-drift eva=12 atoms=11; grouped relation; inspect visually before token-level use
f1v	8	f1v-l8-r001	okol shol kol kechy chol ky chol cthol chody	9	36	p004-u062 p004-u063 p004-u064 p004-u065 p004-u066 p004-u067 p004-u068 p004-u069 p004-u070	9	69	N:M	low	atoms_x=566-2065; eva_ordinal=1-9/11; line_pair=paired-by-ordinal	EVA token spans are ordinal estimates; ATOMS spans use bounding boxes.; grouped relation; inspect visually before token-level use
f1v	8	f1v-l8-r002	chol	1	4	p004-u071	1	6	1:1	medium	atoms_x=2113-2227; eva_ordinal=10-10/11; line_pair=paired-by-ordinal	EVA token spans are ordinal estimates; ATOMS spans use bounding boxes.
f1v	8	f1v-l8-r003	daiin	1	5	p004-u072	1	9	1:1	medium	atoms_x=2260-2404; eva_ordinal=11-11/11; line_pair=paired-by-ordinal	EVA token spans are ordinal estimates; ATOMS spans use bounding boxes.
f1v	9	f1v-l9-r001	shor	1	4	p004-u073 p004-u074	2	8	1:N	low	atoms_x=570-709; eva_ordinal=1-1/11; line_pair=paired-by-ordinal	EVA token spans are ordinal estimates; ATOMS spans use bounding boxes.; grouped relation; inspect visually before token-level use
f1v	9	f1v-l9-r002	okol	1	4	p004-u075	1	8	1:1	medium	atoms_x=774-905; eva_ordinal=2-2/11; line_pair=paired-by-ordinal	EVA token spans are ordinal estimates; ATOMS spans use bounding boxes.
f1v	9	f1v-l9-r003	chol	1	4	p004-u076	1	6	1:1	medium	atoms_x=951-1077; eva_ordinal=3-3/11; line_pair=paired-by-ordinal	EVA token spans are ordinal estimates; ATOMS spans use bounding boxes.
f1v	9	f1v-l9-r004	dol ky dar shol dchor	5	17	p004-u077 p004-u078 p004-u079 p004-u080	4	38	N:M	low	atoms_x=1122-1885; eva_ordinal=4-8/11; line_pair=paired-by-ordinal	EVA token spans are ordinal estimates; ATOMS spans use bounding boxes.; grouped relation; inspect visually before token-level use
f1v	9	f1v-l9-r005	otcho	1	5	p004-u081	1	10	1:1	medium	atoms_x=1940-2106; eva_ordinal=9-9/11; line_pair=paired-by-ordinal	EVA token spans are ordinal estimates; ATOMS spans use bounding boxes.
f1v	9	f1v-l9-r006	dar	1	3	p004-u082	1	8	1:1	medium	atoms_x=2150-2255; eva_ordinal=10-10/11; line_pair=paired-by-ordinal	EVA token spans are ordinal estimates; ATOMS spans use bounding boxes.
f1v	9	f1v-l9-r007	shody	1	5	p004-u083	1	10	1:1	medium	atoms_x=2282-2449; eva_ordinal=11-11/11; line_pair=paired-by-ordinal	EVA token spans are ordinal estimates; ATOMS spans use bounding boxes.
f1v	10	f1v-l10-r001	taor chotchey dal	3	15	p004-u084 p004-u085 p004-u086	3	30	N:M	low	atoms_x=561-1188; eva_ordinal=1-3/7; line_pair=paired-by-ordinal	EVA token spans are ordinal estimates; ATOMS spans use bounding boxes.; grouped relation; inspect visually before token-level use
f1v	10	f1v-l10-r002	chody	1	5	p004-u087	1	9	1:1	medium	atoms_x=1238-1404; eva_ordinal=4-4/7; line_pair=paired-by-ordinal	EVA token spans are ordinal estimates; ATOMS spans use bounding boxes.
f1v	10	f1v-l10-r003	schody pol	2	9	p004-u088 p004-u089	2	23	N:M	low	atoms_x=1546-1866; eva_ordinal=5-6/7; line_pair=paired-by-ordinal	EVA token spans are ordinal estimates; ATOMS spans use bounding boxes.; grouped relation; inspect visually before token-level use
f1v	10	f1v-l10-r004	chodar	1	6	p004-u090	1	12	1:1	medium	atoms_x=1901-2092; eva_ordinal=7-7/7; line_pair=paired-by-ordinal	EVA token spans are ordinal estimates; ATOMS spans use bounding boxes.
f2r	1	f2r-l1-r001	kydainy	1	7	p005-u001	1	17	1:1	low-medium	atoms_x=446-664; eva_ordinal=1-1/6; line_pair=paired-by-ordinal	EVA token spans are ordinal estimates; ATOMS spans use bounding boxes.; line-count-drift eva=6 atoms=8
f2r	1	f2r-l1-r002	ypchol daiin otchal	3	17	p005-u002 p005-u003 p005-u004 p005-u005	4	36	N:M	low	atoms_x=701-1226; eva_ordinal=2-4/6; line_pair=paired-by-ordinal	EVA token spans are ordinal estimates; ATOMS spans use bounding boxes.; line-count-drift eva=6 atoms=8; grouped relation; inspect visually before token-level use
f2r	1	f2r-l1-r003	ypchaiin ckholsy	2	15	p005-u006 p005-u007 p005-u008	3	33	N:M	low	atoms_x=1379-1814; eva_ordinal=5-6/6; line_pair=paired-by-ordinal	EVA token spans are ordinal estimates; ATOMS spans use bounding boxes.; line-count-drift eva=6 atoms=8; grouped relation; inspect visually before token-level use
f2r	2	f2r-l2-r001	dorchory	1	8	p005-u009	1	16	1:1	medium	atoms_x=437-652; eva_ordinal=1-1/6; line_pair=paired-by-ordinal	EVA token spans are ordinal estimates; ATOMS spans use bounding boxes.
f2r	2	f2r-l2-r002	s shor	2	5	p005-u010	1	15	N:1	low	atoms_x=1039-1220; eva_ordinal=3-4/6; line_pair=paired-by-ordinal	EVA token spans are ordinal estimates; ATOMS spans use bounding boxes.; grouped relation; inspect visually before token-level use
f2r	2	f2r-l2-r003	cthy cth	2	7	p005-u011 p005-u012 p005-u013 p005-u014	4	26	N:M	low	atoms_x=1372-1754; eva_ordinal=5-6/6; line_pair=paired-by-ordinal	EVA token spans are ordinal estimates; ATOMS spans use bounding boxes.; grouped relation; inspect visually before token-level use
f2r	3	f2r-l3-r001	qotaiin	1	7	p005-u015	1	14	1:1	low-medium	atoms_x=430-638; eva_ordinal=1-1/7; line_pair=paired-by-ordinal	EVA token spans are ordinal estimates; ATOMS spans use bounding boxes.; line-count-drift eva=7 atoms=6
f2r	3	f2r-l3-r002	y chor	2	5	p005-u016	1	13	N:1	low	atoms_x=1059-1231; eva_ordinal=3-4/7; line_pair=paired-by-ordinal	EVA token spans are ordinal estimates; ATOMS spans use bounding boxes.; line-count-drift eva=7 atoms=6; grouped relation; inspect visually before token-level use
f2r	3	f2r-l3-r003	chy	1	3	p005-u017 p005-u018	2	12	1:N	low	atoms_x=1362-1581; eva_ordinal=5-5/7; line_pair=paired-by-ordinal	EVA token spans are ordinal estimates; ATOMS spans use bounding boxes.; line-count-drift eva=7 atoms=6; grouped relation; inspect visually before token-level use
f2r	3	f2r-l3-r004	ydy	1	3	p005-u019	1	7	1:1	low-medium	atoms_x=1632-1722; eva_ordinal=6-6/7; line_pair=paired-by-ordinal	EVA token spans are ordinal estimates; ATOMS spans use bounding boxes.; line-count-drift eva=7 atoms=6
f2r	3	f2r-l3-r005	chaiin	1	6	p005-u020	1	9	1:1	low-medium	atoms_x=1878-2052; eva_ordinal=7-7/7; line_pair=paired-by-ordinal	EVA token spans are ordinal estimates; ATOMS spans use bounding boxes.; line-count-drift eva=7 atoms=6
f2r	4	f2r-l4-r001	chaindy	1	7	p005-u021 p005-u022	2	13	1:N	low	atoms_x=436-623; eva_ordinal=1-1/7; line_pair=paired-by-ordinal	EVA token spans are ordinal estimates; ATOMS spans use bounding boxes.; line-count-drift eva=7 atoms=6; grouped relation; inspect visually before token-level use
f2r	4	f2r-l4-r002	dy cphy dals chokaiin d	5	19	p005-u023 p005-u024 p005-u025 p005-u026	4	54	N:M	low	atoms_x=1020-2074; eva_ordinal=3-7/7; line_pair=paired-by-ordinal	EVA token spans are ordinal estimates; ATOMS spans use bounding boxes.; line-count-drift eva=7 atoms=6; grouped relation; inspect visually before token-level use
f2r	5	f2r-l5-r001	otochor al	2	9	p005-u027 p005-u028	2	17	N:M	low	atoms_x=441-776; eva_ordinal=1-2/7; line_pair=paired-by-ordinal	EVA token spans are ordinal estimates; ATOMS spans use bounding boxes.; line-count-drift eva=7 atoms=8; grouped relation; inspect visually before token-level use
f2r	5	f2r-l5-r002	shodaiin chol dan	3	15	p005-u029 p005-u030 p005-u031 p005-u032	4	28	N:M	low	atoms_x=964-1582; eva_ordinal=3-5/7; line_pair=paired-by-ordinal	EVA token spans are ordinal estimates; ATOMS spans use bounding boxes.; line-count-drift eva=7 atoms=8; grouped relation; inspect visually before token-level use
f2r	5	f2r-l5-r003	ytchaiin dan	2	11	p005-u033 p005-u034	2	24	N:M	low	atoms_x=1701-2098; eva_ordinal=6-7/7; line_pair=paired-by-ordinal	EVA token spans are ordinal estimates; ATOMS spans use bounding boxes.; line-count-drift eva=7 atoms=8; grouped relation; inspect visually before token-level use
f2r	6	f2r-l6-r001	saiin daind	2	10	p005-u035 p005-u036	2	21	N:M	low	atoms_x=434-802; eva_ordinal=1-2/8; line_pair=paired-by-ordinal	EVA token spans are ordinal estimates; ATOMS spans use bounding boxes.; grouped relation; inspect visually before token-level use
f2r	6	f2r-l6-r002	dkol sor	2	7	p005-u037 p005-u038	2	17	N:M	low	atoms_x=1007-1236; eva_ordinal=3-4/8; line_pair=paired-by-ordinal	EVA token spans are ordinal estimates; ATOMS spans use bounding boxes.; grouped relation; inspect visually before token-level use
f2r	6	f2r-l6-r003	ytoldy dchol dchy cthy	4	19	p005-u039 p005-u040 p005-u041 p005-u042	4	40	N:M	low	atoms_x=1335-2073; eva_ordinal=5-8/8; line_pair=paired-by-ordinal	EVA token spans are ordinal estimates; ATOMS spans use bounding boxes.; grouped relation; inspect visually before token-level use
f2r	7	f2r-l7-r001	shor ckhy daiiny	3	14	p005-u043 p005-u044 p005-u045 p005-u046	4	28	N:M	low	atoms_x=443-914; eva_ordinal=1-3/5; line_pair=paired-by-ordinal	EVA token spans are ordinal estimates; ATOMS spans use bounding boxes.; grouped relation; inspect visually before token-level use
f2r	7	f2r-l7-r002	chol dan	2	7	p005-u047	1	14	N:1	low	atoms_x=1019-1230; eva_ordinal=4-5/5; line_pair=paired-by-ordinal	EVA token spans are ordinal estimates; ATOMS spans use bounding boxes.; grouped relation; inspect visually before token-level use
f2r	8	f2r-l8-r001	kydain	1	6	p005-u048	1	15	1:1	low-medium	atoms_x=481-674; eva_ordinal=1-1/9; line_pair=paired-by-ordinal	EVA token spans are ordinal estimates; ATOMS spans use bounding boxes.; line-count-drift eva=9 atoms=11
f2r	8	f2r-l8-r002	shaiin qoy s shol	4	14	p005-u049 p005-u050 p005-u051 p005-u052 p005-u053	5	40	N:M	low	atoms_x=715-1470; eva_ordinal=2-5/9; line_pair=paired-by-ordinal	EVA token spans are ordinal estimates; ATOMS spans use bounding boxes.; line-count-drift eva=9 atoms=11; grouped relation; inspect visually before token-level use
f2r	8	f2r-l8-r003	fodan yksh olsheey daiildy	4	23	p005-u054 p005-u055 p005-u056 p005-u057 p005-u058	5	46	N:M	low	atoms_x=1698-2333; eva_ordinal=6-9/9; line_pair=paired-by-ordinal	EVA token spans are ordinal estimates; ATOMS spans use bounding boxes.; line-count-drift eva=9 atoms=11; grouped relation; inspect visually before token-level use
f2r	9	f2r-l9-r001	dlssho	1	6	p005-u059	1	13	1:1	low-medium	atoms_x=472-648; eva_ordinal=1-1/10; line_pair=paired-by-ordinal	EVA token spans are ordinal estimates; ATOMS spans use bounding boxes.; line-count-drift eva=10 atoms=12
f2r	9	f2r-l9-r002	kol sheey qokey ykody so	5	20	p005-u060 p005-u061 p005-u062 p005-u063 p005-u064 p005-u065	6	45	N:M	low	atoms_x=685-1461; eva_ordinal=2-6/10; line_pair=paired-by-ordinal	EVA token spans are ordinal estimates; ATOMS spans use bounding boxes.; line-count-drift eva=10 atoms=12; grouped relation; inspect visually before token-level use
f2r	9	f2r-l9-r003	chol yky	2	7	p005-u066 p005-u067	2	14	N:M	low	atoms_x=1683-1932; eva_ordinal=7-8/10; line_pair=paired-by-ordinal	EVA token spans are ordinal estimates; ATOMS spans use bounding boxes.; line-count-drift eva=10 atoms=12; grouped relation; inspect visually before token-level use
f2r	9	f2r-l9-r004	dain daiirol	2	11	p005-u068 p005-u069 p005-u070	3	30	N:M	low	atoms_x=1982-2359; eva_ordinal=9-10/10; line_pair=paired-by-ordinal	EVA token spans are ordinal estimates; ATOMS spans use bounding boxes.; line-count-drift eva=10 atoms=12; grouped relation; inspect visually before token-level use
f2r	10	f2r-l10-r001	qoky cholaiin shol	3	16	p005-u071 p005-u072 p005-u073	3	26	N:M	low	atoms_x=463-1066; eva_ordinal=1-3/9; line_pair=paired-by-ordinal	EVA token spans are ordinal estimates; ATOMS spans use bounding boxes.; line-count-drift eva=9 atoms=10; grouped relation; inspect visually before token-level use
f2r	10	f2r-l10-r002	sheky daiin	2	10	p005-u074 p005-u075 p005-u076	3	20	N:M	low	atoms_x=1133-1456; eva_ordinal=4-5/9; line_pair=paired-by-ordinal	EVA token spans are ordinal estimates; ATOMS spans use bounding boxes.; line-count-drift eva=9 atoms=10; grouped relation; inspect visually before token-level use
f2r	10	f2r-l10-r003	cthey keol saiin	3	14	p005-u077 p005-u078 p005-u079	3	23	N:M	low	atoms_x=1670-2006; eva_ordinal=6-8/9; line_pair=paired-by-ordinal	EVA token spans are ordinal estimates; ATOMS spans use bounding boxes.; line-count-drift eva=9 atoms=10; grouped relation; inspect visually before token-level use
f2r	10	f2r-l10-r004	saiin	1	5	p005-u080	1	11	1:1	low-medium	atoms_x=2146-2291; eva_ordinal=9-9/9; line_pair=paired-by-ordinal	EVA token spans are ordinal estimates; ATOMS spans use bounding boxes.; line-count-drift eva=9 atoms=10
f2r	11	f2r-l11-r001	ychain dal	2	9	p005-u081 p005-u082	2	18	N:M	low	atoms_x=486-812; eva_ordinal=1-2/9; line_pair=paired-by-ordinal	EVA token spans are ordinal estimates; ATOMS spans use bounding boxes.; grouped relation; inspect visually before token-level use
f2r	11	f2r-l11-r002	chy dalor shan	3	12	p005-u083 p005-u084 p005-u085 p005-u086	4	25	N:M	low	atoms_x=844-1337; eva_ordinal=3-5/9; line_pair=paired-by-ordinal	EVA token spans are ordinal estimates; ATOMS spans use bounding boxes.; grouped relation; inspect visually before token-level use
f2r	11	f2r-l11-r003	dan	1	3	p005-u087	1	8	1:1	medium	atoms_x=1377-1490; eva_ordinal=6-6/9; line_pair=paired-by-ordinal	EVA token spans are ordinal estimates; ATOMS spans use bounding boxes.
f2r	11	f2r-l11-r004	olsaiin sheey	2	12	p005-u088	1	12	N:1	low	atoms_x=1664-1899; eva_ordinal=7-8/9; line_pair=paired-by-ordinal	EVA token spans are ordinal estimates; ATOMS spans use bounding boxes.; grouped relation; inspect visually before token-level use
f2r	11	f2r-l11-r005	ckhor	1	5	p005-u089	1	4	1:1	medium	atoms_x=2016-2084; eva_ordinal=9-9/9; line_pair=paired-by-ordinal	EVA token spans are ordinal estimates; ATOMS spans use bounding boxes.
f2r	12	f2r-l12-r001	okol	1	4	p005-u090	1	8	1:1	low-medium	atoms_x=488-605; eva_ordinal=1-1/11; line_pair=paired-by-ordinal	EVA token spans are ordinal estimates; ATOMS spans use bounding boxes.; line-count-drift eva=11 atoms=10
f2r	12	f2r-l12-r002	chy chor cthor	3	12	p005-u091 p005-u092 p005-u093	3	24	N:M	low	atoms_x=656-1107; eva_ordinal=2-4/11; line_pair=paired-by-ordinal	EVA token spans are ordinal estimates; ATOMS spans use bounding boxes.; line-count-drift eva=11 atoms=10; grouped relation; inspect visually before token-level use
f2r	12	f2r-l12-r003	yor an chan saiin	4	14	p005-u094 p005-u095 p005-u096 p005-u097	4	28	N:M	low	atoms_x=1160-1796; eva_ordinal=5-8/11; line_pair=paired-by-ordinal	EVA token spans are ordinal estimates; ATOMS spans use bounding boxes.; line-count-drift eva=11 atoms=10; grouped relation; inspect visually before token-level use
f2r	12	f2r-l12-r004	chety chyky sal	3	13	p005-u098 p005-u099	2	29	N:M	low	atoms_x=1850-2328; eva_ordinal=9-11/11; line_pair=paired-by-ordinal	EVA token spans are ordinal estimates; ATOMS spans use bounding boxes.; line-count-drift eva=11 atoms=10; grouped relation; inspect visually before token-level use
f2r	13	f2r-l13-r001	sho ykeey chey daiin chcthy	5	23	p005-u100 p005-u101 p005-u102 p005-u103 p005-u104	5	43	N:M	low	atoms_x=493-1368; eva_ordinal=1-5/5; line_pair=paired-by-ordinal	EVA token spans are ordinal estimates; ATOMS spans use bounding boxes.; grouped relation; inspect visually before token-level use
f2v	1	f2v-l1-r001	kooiin	1	6	p006-u001	1	10	1:1	low-medium	atoms_x=750-901; eva_ordinal=1-1/9; line_pair=paired-by-ordinal	EVA token spans are ordinal estimates; ATOMS spans use bounding boxes.; line-count-drift eva=9 atoms=6
f2v	1	f2v-l1-r002	cheo pchor otaiin o dain chor	6	24	p006-u002 p006-u003 p006-u004	3	48	N:M	low	atoms_x=940-1848; eva_ordinal=2-7/9; line_pair=paired-by-ordinal	EVA token spans are ordinal estimates; ATOMS spans use bounding boxes.; line-count-drift eva=9 atoms=6; grouped relation; inspect visually before token-level use
f2v	1	f2v-l1-r003	dair shty	2	8	p006-u005 p006-u006	2	19	N:M	low	atoms_x=2099-2394; eva_ordinal=8-9/9; line_pair=paired-by-ordinal	EVA token spans are ordinal estimates; ATOMS spans use bounding boxes.; line-count-drift eva=9 atoms=6; grouped relation; inspect visually before token-level use
f2v	2	f2v-l2-r001	kcho kchy sho	3	11	p006-u007 p006-u008 p006-u009 p006-u010	4	29	N:M	low	atoms_x=746-1282; eva_ordinal=1-3/9; line_pair=paired-by-ordinal	EVA token spans are ordinal estimates; ATOMS spans use bounding boxes.; line-count-drift eva=9 atoms=8; grouped relation; inspect visually before token-level use
f2v	2	f2v-l2-r002	shol qotcho loeees qoty	4	20	p006-u011 p006-u012	2	31	N:M	low	atoms_x=1327-1907; eva_ordinal=4-7/9; line_pair=paired-by-ordinal	EVA token spans are ordinal estimates; ATOMS spans use bounding boxes.; line-count-drift eva=9 atoms=8; grouped relation; inspect visually before token-level use
f2v	2	f2v-l2-r003	chor daiin	2	9	p006-u013 p006-u014	2	16	N:M	low	atoms_x=2072-2399; eva_ordinal=8-9/9; line_pair=paired-by-ordinal	EVA token spans are ordinal estimates; ATOMS spans use bounding boxes.; line-count-drift eva=9 atoms=8; grouped relation; inspect visually before token-level use
f2v	3	f2v-l3-r001	otchy	1	5	p006-u015	1	10	1:1	medium	atoms_x=748-917; eva_ordinal=1-1/8; line_pair=paired-by-ordinal	EVA token spans are ordinal estimates; ATOMS spans use bounding boxes.
f2v	3	f2v-l3-r002	chor lshy chol chody chodain	5	24	p006-u016 p006-u017 p006-u018 p006-u019 p006-u020	5	43	N:M	low	atoms_x=974-1920; eva_ordinal=2-6/8; line_pair=paired-by-ordinal	EVA token spans are ordinal estimates; ATOMS spans use bounding boxes.; grouped relation; inspect visually before token-level use
f2v	3	f2v-l3-r003	chcthy daiin	2	11	p006-u021 p006-u022	2	22	N:M	low	atoms_x=2037-2412; eva_ordinal=7-8/8; line_pair=paired-by-ordinal	EVA token spans are ordinal estimates; ATOMS spans use bounding boxes.; grouped relation; inspect visually before token-level use
f2v	4	f2v-l4-r001	sho cholo cheor chodaiin	4	21	p006-u023 p006-u024 p006-u025 p006-u026	4	33	N:M	low	atoms_x=753-1509; eva_ordinal=1-4/4; line_pair=paired-by-ordinal	EVA token spans are ordinal estimates; ATOMS spans use bounding boxes.; grouped relation; inspect visually before token-level use
f2v	5	f2v-l5-r001	kchor	1	5	p006-u027	1	11	1:1	medium	atoms_x=645-814; eva_ordinal=1-1/9; line_pair=paired-by-ordinal	EVA token spans are ordinal estimates; ATOMS spans use bounding boxes.
f2v	5	f2v-l5-r002	shy daiiin chckhoy	3	16	p006-u028 p006-u029 p006-u030	3	28	N:M	low	atoms_x=856-1385; eva_ordinal=2-4/9; line_pair=paired-by-ordinal	EVA token spans are ordinal estimates; ATOMS spans use bounding boxes.; grouped relation; inspect visually before token-level use
f2v	5	f2v-l5-r003	shey dor	2	7	p006-u031 p006-u032	2	10	N:M	low	atoms_x=1806-1980; eva_ordinal=6-7/9; line_pair=paired-by-ordinal	EVA token spans are ordinal estimates; ATOMS spans use bounding boxes.; grouped relation; inspect visually before token-level use
f2v	5	f2v-l5-r004	chol daiin	2	9	p006-u033 p006-u034 p006-u035	3	22	N:M	low	atoms_x=2039-2412; eva_ordinal=8-9/9; line_pair=paired-by-ordinal	EVA token spans are ordinal estimates; ATOMS spans use bounding boxes.; grouped relation; inspect visually before token-level use
f2v	6	f2v-l6-r001	dor chol chor chol keol	5	19	p006-u036 p006-u037 p006-u038 p006-u039 p006-u040 p006-u041	6	39	N:M	low	atoms_x=643-1497; eva_ordinal=1-5/10; line_pair=paired-by-ordinal	EVA token spans are ordinal estimates; ATOMS spans use bounding boxes.; grouped relation; inspect visually before token-level use
f2v	6	f2v-l6-r002	chy	1	3	p006-u042	1	10	1:1	medium	atoms_x=1536-1663; eva_ordinal=6-6/10; line_pair=paired-by-ordinal	EVA token spans are ordinal estimates; ATOMS spans use bounding boxes.
f2v	6	f2v-l6-r003	chty daiin otchor chan	4	19	p006-u043 p006-u044 p006-u045	3	29	N:M	low	atoms_x=1776-2359; eva_ordinal=7-10/10; line_pair=paired-by-ordinal	EVA token spans are ordinal estimates; ATOMS spans use bounding boxes.; grouped relation; inspect visually before token-level use
f2v	7	f2v-l7-r001	daiin chotchey	2	13	p006-u046 p006-u047	2	23	N:M	low	atoms_x=636-1088; eva_ordinal=1-2/7; line_pair=paired-by-ordinal	EVA token spans are ordinal estimates; ATOMS spans use bounding boxes.; grouped relation; inspect visually before token-level use
f2v	7	f2v-l7-r002	qoteeey	1	7	p006-u048	1	13	1:1	medium	atoms_x=1129-1373; eva_ordinal=3-3/7; line_pair=paired-by-ordinal	EVA token spans are ordinal estimates; ATOMS spans use bounding boxes.
f2v	7	f2v-l7-r003	chokeos chees chr	3	15	p006-u049 p006-u050 p006-u051	3	27	N:M	low	atoms_x=1429-2106; eva_ordinal=4-6/7; line_pair=paired-by-ordinal	EVA token spans are ordinal estimates; ATOMS spans use bounding boxes.; grouped relation; inspect visually before token-level use
f2v	7	f2v-l7-r004	cheaiin	1	7	p006-u052	1	10	1:1	medium	atoms_x=2145-2357; eva_ordinal=7-7/7; line_pair=paired-by-ordinal	EVA token spans are ordinal estimates; ATOMS spans use bounding boxes.
f2v	8	f2v-l8-r001	chokoishe chor cheol chol	4	22	p006-u053 p006-u054 p006-u055 p006-u056	4	35	N:M	low	atoms_x=631-1482; eva_ordinal=1-4/5; line_pair=paired-by-ordinal	EVA token spans are ordinal estimates; ATOMS spans use bounding boxes.; grouped relation; inspect visually before token-level use
f2v	8	f2v-l8-r002	dolody	1	6	p006-u057	1	12	1:1	medium	atoms_x=1522-1713; eva_ordinal=5-5/5; line_pair=paired-by-ordinal	EVA token spans are ordinal estimates; ATOMS spans use bounding boxes.
f47v	1	f47v-l1-r001	psheot cheor cholsho chopchy sal	5	28	p094-u001 p094-u002 p094-u003 p094-u004 p094-u005 p094-u006	6	70	N:M	low	atoms_x=791-1910; eva_ordinal=1-5/6; line_pair=paired-by-ordinal	EVA token spans are ordinal estimates; ATOMS spans use bounding boxes.; line-count-drift eva=6 atoms=7; grouped relation; inspect visually before token-level use
f47v	1	f47v-l1-r002	sary	1	4	p094-u007	1	10	1:1	low-medium	atoms_x=2056-2195; eva_ordinal=6-6/6; line_pair=paired-by-ordinal	EVA token spans are ordinal estimates; ATOMS spans use bounding boxes.; line-count-drift eva=6 atoms=7
f47v	2	f47v-l2-r001	dsheey	1	6	p094-u008	1	11	1:1	low-medium	atoms_x=841-1011; eva_ordinal=1-1/7; line_pair=paired-by-ordinal	EVA token spans are ordinal estimates; ATOMS spans use bounding boxes.; line-count-drift eva=7 atoms=6
f47v	2	f47v-l2-r002	shy	1	3	p094-u009	1	6	1:1	low-medium	atoms_x=1061-1158; eva_ordinal=2-2/7; line_pair=paired-by-ordinal	EVA token spans are ordinal estimates; ATOMS spans use bounding boxes.; line-count-drift eva=7 atoms=6
f47v	2	f47v-l2-r003	cphy otchey daiidy chory	4	21	p094-u010 p094-u011 p094-u012	3	31	N:M	low	atoms_x=1347-1989; eva_ordinal=3-6/7; line_pair=paired-by-ordinal	EVA token spans are ordinal estimates; ATOMS spans use bounding boxes.; line-count-drift eva=7 atoms=6; grouped relation; inspect visually before token-level use
f47v	2	f47v-l2-r004	daiiy	1	5	p094-u013	1	8	1:1	low-medium	atoms_x=2066-2224; eva_ordinal=7-7/7; line_pair=paired-by-ordinal	EVA token spans are ordinal estimates; ATOMS spans use bounding boxes.; line-count-drift eva=7 atoms=6
f47v	3	f47v-l3-r001	shol char oteol dor otchol chkchy	6	28	p094-u014 p094-u015 p094-u016 p094-u017 p094-u018 p094-u019	6	55	N:M	low	atoms_x=841-2016; eva_ordinal=1-6/7; line_pair=paired-by-ordinal	EVA token spans are ordinal estimates; ATOMS spans use bounding boxes.; grouped relation; inspect visually before token-level use
f47v	3	f47v-l3-r002	daiin	1	5	p094-u020	1	9	1:1	medium	atoms_x=2069-2230; eva_ordinal=7-7/7; line_pair=paired-by-ordinal	EVA token spans are ordinal estimates; ATOMS spans use bounding boxes.
f47v	4	f47v-l4-r001	qotol	1	5	p094-u021	1	11	1:1	medium	atoms_x=834-1029; eva_ordinal=1-1/7; line_pair=paired-by-ordinal	EVA token spans are ordinal estimates; ATOMS spans use bounding boxes.
f47v	4	f47v-l4-r002	sheey kol sho keechy qoty	5	21	p094-u022 p094-u023 p094-u024 p094-u025 p094-u026	5	41	N:M	low	atoms_x=1070-1955; eva_ordinal=2-6/7; line_pair=paired-by-ordinal	EVA token spans are ordinal estimates; ATOMS spans use bounding boxes.; grouped relation; inspect visually before token-level use
f47v	4	f47v-l4-r003	cthy	1	4	p094-u027	1	10	1:1	medium	atoms_x=2064-2204; eva_ordinal=7-7/7; line_pair=paired-by-ordinal	EVA token spans are ordinal estimates; ATOMS spans use bounding boxes.
f47v	5	f47v-l5-r001	dsholy shees chor ody shy	5	21	p094-u028 p094-u029 p094-u030 p094-u031 p094-u032	5	40	N:M	low	atoms_x=850-1783; eva_ordinal=1-5/7; line_pair=paired-by-ordinal	EVA token spans are ordinal estimates; ATOMS spans use bounding boxes.; grouped relation; inspect visually before token-level use
f47v	5	f47v-l5-r002	sy	1	2	p094-u033	1	5	1:1	medium	atoms_x=1849-1903; eva_ordinal=6-6/7; line_pair=paired-by-ordinal	EVA token spans are ordinal estimates; ATOMS spans use bounding boxes.
f47v	5	f47v-l5-r003	sary	1	4	p094-u034	1	10	1:1	medium	atoms_x=2032-2174; eva_ordinal=7-7/7; line_pair=paired-by-ordinal	EVA token spans are ordinal estimates; ATOMS spans use bounding boxes.
f47v	6	f47v-l6-r001	chody cheor saiin	3	15	p094-u035 p094-u036 p094-u037	3	26	N:M	low	atoms_x=852-1477; eva_ordinal=1-3/5; line_pair=paired-by-ordinal	EVA token spans are ordinal estimates; ATOMS spans use bounding boxes.; grouped relation; inspect visually before token-level use
f47v	6	f47v-l6-r002	dochod chol	2	10	p094-u038 p094-u039	2	17	N:M	low	atoms_x=1723-2123; eva_ordinal=4-5/5; line_pair=paired-by-ordinal	EVA token spans are ordinal estimates; ATOMS spans use bounding boxes.; grouped relation; inspect visually before token-level use
f47v	7	f47v-l7-r001	pchodaiin dair dcthy	3	18	p094-u040 p094-u041 p094-u042	3	42	N:M	low	atoms_x=737-1414; eva_ordinal=1-3/3; line_pair=paired-by-ordinal	EVA token spans are ordinal estimates; ATOMS spans use bounding boxes.; grouped relation; inspect visually before token-level use
f47v	8	f47v-l8-r001	daiin cheotar chodaly sal	4	22	p094-u043 p094-u044 p094-u045 p094-u046 p094-u047	5	44	N:M	low	atoms_x=765-1666; eva_ordinal=1-4/4; line_pair=paired-by-ordinal	EVA token spans are ordinal estimates; ATOMS spans use bounding boxes.; line-count-drift eva=4 atoms=5; grouped relation; inspect visually before token-level use
f47v	9	f47v-l9-r001	qotcheea chety	2	13	p094-u048 p094-u049 p094-u050	3	31	N:M	low	atoms_x=744-1403; eva_ordinal=1-2/5; line_pair=paired-by-ordinal	EVA token spans are ordinal estimates; ATOMS spans use bounding boxes.; line-count-drift eva=5 atoms=8; grouped relation; inspect visually before token-level use
f47v	9	f47v-l9-r002	chol	1	4	p094-u051 p094-u052	2	14	1:N	low	atoms_x=1455-1750; eva_ordinal=3-3/5; line_pair=paired-by-ordinal	EVA token spans are ordinal estimates; ATOMS spans use bounding boxes.; line-count-drift eva=5 atoms=8; grouped relation; inspect visually before token-level use
f47v	9	f47v-l9-r003	chol	1	4	p094-u053	1	6	1:1	low-medium	atoms_x=1933-2051; eva_ordinal=4-4/5; line_pair=paired-by-ordinal	EVA token spans are ordinal estimates; ATOMS spans use bounding boxes.; line-count-drift eva=5 atoms=8
f47v	9	f47v-l9-r004	dain	1	4	p094-u054 p094-u055	2	17	1:N	low	atoms_x=2094-2431; eva_ordinal=5-5/5; line_pair=paired-by-ordinal	EVA token spans are ordinal estimates; ATOMS spans use bounding boxes.; line-count-drift eva=5 atoms=8; grouped relation; inspect visually before token-level use
f47v	10	f47v-l10-r001	chotcho ltchey o tcho tchy	5	22	p094-u056 p094-u057	2	43	N:M	low	atoms_x=764-1674; eva_ordinal=1-5/9; line_pair=paired-by-ordinal	EVA token spans are ordinal estimates; ATOMS spans use bounding boxes.; line-count-drift eva=9 atoms=6; grouped relation; inspect visually before token-level use
f47v	10	f47v-l10-r002	dy	1	2	p094-u058	1	5	1:1	low-medium	atoms_x=1706-1765; eva_ordinal=6-6/9; line_pair=paired-by-ordinal	EVA token spans are ordinal estimates; ATOMS spans use bounding boxes.; line-count-drift eva=9 atoms=6
f47v	10	f47v-l10-r003	chol chody dar	3	12	p094-u059 p094-u060 p094-u061	3	22	N:M	low	atoms_x=1934-2411; eva_ordinal=7-9/9; line_pair=paired-by-ordinal	EVA token spans are ordinal estimates; ATOMS spans use bounding boxes.; line-count-drift eva=9 atoms=6; grouped relation; inspect visually before token-level use
f47v	11	f47v-l11-r001	oteey	1	5	p094-u062	1	10	1:1	low-medium	atoms_x=772-921; eva_ordinal=1-1/9; line_pair=paired-by-ordinal	EVA token spans are ordinal estimates; ATOMS spans use bounding boxes.; line-count-drift eva=9 atoms=8
f47v	11	f47v-l11-r002	cho chdy chy key chyky	5	18	p094-u063 p094-u064 p094-u065 p094-u066 p094-u067	5	35	N:M	low	atoms_x=964-1758; eva_ordinal=2-6/9; line_pair=paired-by-ordinal	EVA token spans are ordinal estimates; ATOMS spans use bounding boxes.; line-count-drift eva=9 atoms=8; grouped relation; inspect visually before token-level use
f47v	11	f47v-l11-r003	dchy daiin	2	9	p094-u068	1	9	N:1	low	atoms_x=1936-2179; eva_ordinal=7-8/9; line_pair=paired-by-ordinal	EVA token spans are ordinal estimates; ATOMS spans use bounding boxes.; line-count-drift eva=9 atoms=8; grouped relation; inspect visually before token-level use
f47v	11	f47v-l11-r004	chy	1	3	p094-u069	1	9	1:1	low-medium	atoms_x=2233-2401; eva_ordinal=9-9/9; line_pair=paired-by-ordinal	EVA token spans are ordinal estimates; ATOMS spans use bounding boxes.; line-count-drift eva=9 atoms=8
f47v	12	f47v-l12-r001	cho cho	2	6	p094-u070 p094-u071 p094-u072	3	20	N:M	low	atoms_x=781-1186; eva_ordinal=1-2/8; line_pair=paired-by-ordinal	EVA token spans are ordinal estimates; ATOMS spans use bounding boxes.; line-count-drift eva=8 atoms=7; grouped relation; inspect visually before token-level use
f47v	12	f47v-l12-r002	keesy	1	5	p094-u073	1	5	1:1	low-medium	atoms_x=1237-1333; eva_ordinal=3-3/8; line_pair=paired-by-ordinal	EVA token spans are ordinal estimates; ATOMS spans use bounding boxes.; line-count-drift eva=8 atoms=7
f47v	12	f47v-l12-r003	chy chy	2	6	p094-u074 p094-u075	2	15	N:M	low	atoms_x=1398-1738; eva_ordinal=4-5/8; line_pair=paired-by-ordinal	EVA token spans are ordinal estimates; ATOMS spans use bounding boxes.; line-count-drift eva=8 atoms=7; grouped relation; inspect visually before token-level use
f47v	12	f47v-l12-r004	chochy daiin	2	11	p094-u076	1	12	N:1	low	atoms_x=2187-2404; eva_ordinal=7-8/8; line_pair=paired-by-ordinal	EVA token spans are ordinal estimates; ATOMS spans use bounding boxes.; line-count-drift eva=8 atoms=7; grouped relation; inspect visually before token-level use
f47v	13	f47v-l13-r001	dshy daiin chdlcty chaiin dcheey	5	28	p094-u077 p094-u078 p094-u079 p094-u080	4	43	N:M	low	atoms_x=785-1707; eva_ordinal=1-5/6; line_pair=paired-by-ordinal	EVA token spans are ordinal estimates; ATOMS spans use bounding boxes.; line-count-drift eva=6 atoms=5; grouped relation; inspect visually before token-level use
f47v	13	f47v-l13-r002	otald	1	5	p094-u081	1	10	1:1	low-medium	atoms_x=1935-2129; eva_ordinal=6-6/6; line_pair=paired-by-ordinal	EVA token spans are ordinal estimates; ATOMS spans use bounding boxes.; line-count-drift eva=6 atoms=5
f47v	14	f47v-l14-r001	chol	1	4	p094-u082	1	6	1:1	medium	atoms_x=794-925; eva_ordinal=1-1/2; line_pair=paired-by-ordinal	EVA token spans are ordinal estimates; ATOMS spans use bounding boxes.
f47v	14	f47v-l14-r002	ctchey	1	6	p094-u083	1	11	1:1	medium	atoms_x=1007-1217; eva_ordinal=2-2/2; line_pair=paired-by-ordinal	EVA token spans are ordinal estimates; ATOMS spans use bounding boxes.
